year,quarter,type,sawal1,sawal2,sawar1,sawar2,sawfl1,sawfl2,sawga1,sawga2,sawla1,sawla2,sawms1,sawms2,sawnc1,sawnc2,sawsc1,sawsc2,sawtn1,sawtn2,sawtx1,sawtx2,sawva1,sawva2,plpal1,plpal2,plpar1,plpar2,plpfl1,plpfl2,plpga1,plpga2,plpla1,plpla2,plpms1,plpms2,plpnc1,plpnc2,plpsc1,plpsc2,plptn1,plptn2,plptx1,plptx2,plpva1,plpva2,preal1,preal2,prear1,prear2,prefl1,prefl2,prega1,prega2,prela1,prela2,prems1,prems2,prenc1,prenc2,presc1,presc2,pretn1,pretn2,pretx1,pretx2,preva1,preva2
2001,1,pine,299,285,253,221,261,258,235,314,244,261,302,337,205,307,260,301,150,201,248,237,199,251,15,17,11,12,30,20,16,23,15,20,19,19,15,18,19,21,8,20,16,13,24,25,0,0,0,0,0,0,0,0,0,0,0,0,0,0,0,0,0,0,0,0,0,0
2001,2,pine,304,351,265,221,261,246,209,314,278,268,284,313,215,318,295,300,124,145,260,274,191,221,16,19,14,11,25,20,16,22,17,16,20,15,16,15,20,20,10,17,14,14,23,24,0,0,0,0,0,0,0,0,0,0,0,0,0,0,0,0,0,0,0,0,0,0
2001,3,pine,263,338,259,233,295,279,264,353,251,271,297,306,183,353,282,325,122,167,254,266,191,256,14,18,12,10,28,20,17,22,17,16,18,17,10,18,17,19,13,17,14,14,23,24,0,0,0,0,0,0,0,0,0,0,0,0,0,0,0,0,0,0,0,0,0,0
2001,4,pine,277,341,269,245,286,265,278,345,255,282,330,322,256,352,269,319,132,204,260,242,175,228,13,18,13,11,23,12,16,22,18,17,19,19,12,18,18,18,10,20,15,11,21,22,0,0,0,0,0,0,0,0,0,0,0,0,0,0,0,0,0,0,0,0,0,0
2002,1,pine,311,353,285,227,287,272,244,345,293,283,334,337,219,311,263,311,139,218,261,265,191,240,14,19,14,13,24,19,14,19,17,21,18,21,12,16,15,18,14,17,14,15,21,19,0,0,0,0,0,0,0,0,0,0,0,0,0,0,0,0,0,0,0,0,0,0
2002,2,pine,302,347,289,230,279,232,228,335,272,276,311,360,230,314,295,313,139,249,279,305,186,247,14,15,13,13,21,18,12,19,14,18,13,17,12,15,15,16,13,19,15,11,22,20,0,0,0,0,0,0,0,0,0,0,0,0,0,0,0,0,0,0,0,0,0,0
2002,3,pine,334,330,255,255,278,236,256,333,253,273,312,317,260,325,280,314,138,243,261,256,227,224,14,15,12,12,23,19,14,18,14,17,12,18,11,15,13,15,13,19,13,12,21,21,0,0,0,0,0,0,0,0,0,0,0,0,0,0,0,0,0,0,0,0,0,0
2002,4,pine,325,341,269,259,277,247,242,338,285,282,356,349,242,317,287,293,140,230,261,272,233,266,18,18,12,12,22,19,15,19,17,18,19,21,12,15,17,17,13,21,17,11,21,21,0,0,0,0,0,0,0,0,0,0,0,0,0,0,0,0,0,0,0,0,0,0
2003,1,pine,312,357,261,259,236,249,263,316,260,310,349,339,299,273,263,279,184,220,276,303,213,233,20,21,16,12,20,20,15,16,18,21,21,25,18,20,15,17,19,24,17,14,23,23,0,0,0,0,0,0,0,0,0,0,0,0,0,0,0,0,0,0,0,0,0,0
2003,2,pine,328,335,260,300,278,250,269,326,262,278,310,310,234,313,276,295,153,197,257,258,227,285,19,19,15,14,23,20,16,16,18,20,18,21,13,18,13,16,12,21,14,15,25,23,0,0,0,0,0,0,0,0,0,0,0,0,0,0,0,0,0,0,0,0,0,0
2003,3,pine,345,368,245,225,295,245,260,334,225,252,317,307,219,287,273,285,138,159,219,257,168,249,23,24,14,12,28,21,18,19,18,24,19,20,12,16,16,17,13,13,15,15,28,24,0,0,0,0,0,0,0,0,0,0,0,0,0,0,0,0,0,0,0,0,0,0
2003,4,pine,340,376,309,218,315,267,278,335,248,257,368,354,247,296,283,289,206,169,252,286,159,224,21,23,17,14,25,22,17,20,16,17,20,24,13,17,16,17,17,20,16,13,16,19,0,0,0,0,0,0,0,0,0,0,0,0,0,0,0,0,0,0,0,0,0,0
2004,1,pine,346,369,291,236,297,295,273,342,277,287,368,365,218,286,275,297,195,210,284,280,184,216,19,23,16,12,21,22,17,18,17,16,19,23,11,18,13,15,17,19,18,15,27,23,0,0,0,0,0,0,0,0,0,0,0,0,0,0,0,0,0,0,0,0,0,0
2004,2,pine,353,384,337,282,309,261,256,332,277,253,331,309,162,297,255,297,236,249,298,275,155,262,18,21,17,13,23,20,14,17,18,16,18,17,11,17,13,15,19,18,15,13,20,20,0,0,0,0,0,0,0,0,0,0,0,0,0,0,0,0,0,0,0,0,0,0
2004,3,pine,312,379,272,248,315,276,277,334,308,284,339,353,167,274,295,315,252,291,267,270,171,243,14,20,16,12,23,18,17,17,20,17,18,19,11,16,15,17,16,15,17,14,19,23,0,0,0,0,0,0,0,0,0,0,0,0,0,0,0,0,0,0,0,0,0,0
2004,4,pine,346,344,314,255,317,278,302,352,288,264,371,353,203,288,313,317,211,291,339,302,203,277,18,17,18,12,22,18,17,19,18,17,22,20,13,17,17,17,19,17,26,19,13,17,0,0,0,0,0,0,0,0,0,0,0,0,0,0,0,0,0,0,0,0,0,0
2005,1,pine,403,354,375,285,309,267,299,342,325,286,361,356,190,293,275,309,249,250,339,352,195,265,24,19,23,16,21,20,18,18,23,20,27,23,14,17,17,19,19,24,29,23,23,20,0,0,0,0,0,0,0,0,0,0,0,0,0,0,0,0,0,0,0,0,0,0
2005,2,pine,380,399,384,289,312,300,301,355,304,258,324,341,222,300,302,334,227,244,321,293,198,300,20,21,28,17,19,20,16,17,24,18,26,26,12,14,15,17,16,17,34,18,20,20,0,0,0,0,0,0,0,0,0,0,0,0,0,0,0,0,0,0,0,0,0,0
2005,3,pine,343,351,327,276,322,311,316,363,295,269,307,315,256,294,302,334,215,236,321,299,201,274,18,20,22,16,21,20,17,19,22,18,19,21,13,15,16,17,16,17,29,18,19,22,0,0,0,0,0,0,0,0,0,0,0,0,0,0,0,0,0,0,0,0,0,0
2005,4,pine,356,365,333,255,318,314,322,370,322,257,317,291,214,309,315,331,187,231,305,332,203,276,19,23,23,16,20,20,21,20,21,14,19,18,13,20,17,17,15,20,25,19,18,21,0,0,0,0,0,0,0,0,0,0,0,0,0,0,0,0,0,0,0,0,0,0
2006,1,pine,348,384,349,271,318,298,323,368,350,255,384,318,244,355,313,346,209,225,304,332,210,266,20,21,21,16,21,22,18,20,21,19,23,18,12,19,20,20,11,19,21,18,20,20,0,0,0,0,0,0,0,0,0,0,0,0,0,0,0,0,0,0,0,0,0,0
2006,2,pine,333,364,335,289,290,280,294,342,296,240,300,288,185,290,298,328,210,206,269,309,199,276,17,21,20,14,16,19,15,18,20,12,21,16,12,14,17,18,14,16,19,13,15,19,0,0,0,0,0,0,0,0,0,0,0,0,0,0,0,0,0,0,0,0,0,0
2006,3,pine,333,320,323,296,294,277,321,321,296,283,297,302,214,311,256,310,206,236,267,306,195,256,17,15,19,14,21,19,15,17,20,12,18,14,13,15,17,18,12,19,21,15,15,19,0,0,0,0,0,0,0,0,0,0,0,0,0,0,0,0,0,0,0,0,0,0
2006,4,pine,291,315,326,240,247,287,259,315,287,278,286,302,223,283,302,287,188,201,290,350,230,248,15,19,20,12,25,18,14,17,18,16,18,16,13,17,18,19,23,17,22,19,18,19,0,0,0,0,0,0,0,0,0,0,0,0,0,0,0,0,0,0,0,0,0,0
2007,1,pine,304,336,349,226,263,280,273,315,321,315,314,300,251,348,300,309,128,195,332,350,275,290,20,23,27,24,22,21,15,19,25,23,25,22,13,19,18,20,24,15,30,21,18,22,0,0,0,0,0,0,0,0,0,0,0,0,0,0,0,0,0,0,0,0,0,0
2007,2,pine,287,286,365,234,284,270,246,297,314,306,276,289,183,297,255,311,147,188,317,289,251,269,16,18,27,22,24,19,15,19,24,18,20,19,11,18,17,19,20,15,29,22,20,21,0,0,0,0,0,0,0,0,0,0,0,0,0,0,0,0,0,0,0,0,0,0
2007,3,pine,277,277,377,278,290,256,303,287,327,305,268,308,195,269,307,309,113,140,324,332,252,283,17,18,25,29,21,19,12,19,26,16,19,17,13,18,17,18,28,25,34,40,20,23,0,0,0,0,0,0,0,0,0,0,0,0,0,0,0,0,0,0,0,0,0,0
2007,4,pine,264,296,351,274,284,267,297,275,329,298,259,296,179,272,260,293,153,188,293,381,261,266,18,20,30,28,21,20,18,20,28,14,23,23,12,17,17,18,21,19,37,37,17,21,0,0,0,0,0,0,0,0,0,0,0,0,0,0,0,0,0,0,0,0,0,0
2008,1,pine,250,268,302,227,269,273,227,257,304,283,246,282,209,258,258,276,132,174,256,311,245,259,20,26,30,32,22,21,17,20,33,20,21,25,12,18,17,19,22,22,33,29,18,18,0,0,0,0,0,0,0,0,0,0,0,0,0,0,0,0,0,0,0,0,0,0
2008,2,pine,251,279,238,182,242,257,219,244,252,268,215,267,238,257,251,256,109,211,244,241,185,263,18,21,24,24,22,22,15,19,31,19,20,23,13,16,19,21,20,20,26,20,16,20,0,0,0,0,0,0,0,0,0,0,0,0,0,0,0,0,0,0,0,0,0,0
2008,3,pine,230,257,244,197,214,242,220,241,232,211,238,263,262,270,237,255,108,206,216,232,169,221,20,27,32,31,27,26,18,24,31,32,22,24,17,18,18,22,27,21,29,27,16,19,0,0,0,0,0,0,0,0,0,0,0,0,0,0,0,0,0,0,0,0,0,0
2008,4,pine,225,279,243,187,264,237,196,218,239,204,230,270,157,262,267,255,94,156,221,234,178,195,22,27,38,24,29,30,20,25,37,25,27,34,13,23,20,25,24,24,32,22,18,26,0,0,0,0,0,0,0,0,0,0,0,0,0,0,0,0,0,0,0,0,0,0
2009,1,pine,200,230,223,156,231,224,160,217,246,215,225,247,175,214,246,244,102,170,195,219,177,206,22,24,29,18,27,23,16,23,30,23,21,25,15,20,20,23,18,22,31,19,18,18,0,0,0,0,0,0,0,0,0,0,0,0,0,0,0,0,0,0,0,0,0,0
2009,2,pine,188,195,217,187,239,203,198,216,228,205,231,228,181,207,212,224,98,193,208,193,159,204,20,24,26,22,26,22,18,23,23,18,17,22,13,17,19,22,17,20,21,16,17,18,0,0,0,0,0,0,0,0,0,0,0,0,0,0,0,0,0,0,0,0,0,0
2009,3,pine,202,216,226,193,224,204,184,209,217,202,204,206,193,234,217,215,112,188,195,186,161,178,21,22,24,23,24,24,19,23,25,22,20,26,14,17,20,22,16,21,21,18,17,19,0,0,0,0,0,0,0,0,0,0,0,0,0,0,0,0,0,0,0,0,0,0
2009,4,pine,206,216,210,162,200,191,221,209,242,225,223,227,147,224,238,245,131,152,194,228,160,216,29,30,30,30,25,25,19,25,25,24,31,28,14,23,24,26,20,18,25,23,19,25,0,0,0,0,0,0,0,0,0,0,0,0,0,0,0,0,0,0,0,0,0,0
2010,1,pine,206,224,226,225,201,205,234,231,249,218,220,245,225,275,209,235,127,179,202,266,166,218,32,35,36,40,27,34,22,30,37,30,36,38,26,31,30,31,17,23,37,29,17,28,0,0,0,0,0,0,0,0,0,0,0,0,0,0,0,0,0,0,0,0,0,0
2010,2,pine,214,229,232,197,210,206,224,236,234,217,289,324,238,243,216,231,136,176,196,235,163,209,27,31,35,21,25,34,23,29,33,25,27,34,19,25,24,26,18,22,29,26,19,21,0,0,0,0,0,0,0,0,0,0,0,0,0,0,0,0,0,0,0,0,0,0
2010,3,pine,196,224,211,201,250,227,212,215,259,246,206,247,218,251,210,218,109,147,201,241,157,201,20,26,30,22,28,30,19,28,30,26,30,26,18,22,23,24,18,16,28,18,22,20,0,0,0,0,0,0,0,0,0,0,0,0,0,0,0,0,0,0,0,0,0,0
2010,4,pine,188,198,188,164,250,215,199,209,216,207,190,223,160,221,206,205,115,118,186,224,150,196,22,26,26,20,28,32,21,29,27,25,21,27,17,18,21,26,16,15,22,21,20,20,0,0,0,0,0,0,0,0,0,0,0,0,0,0,0,0,0,0,0,0,0,0
2011,1,pine,181,217,197,172,241,207,212,203,254,199,174,199,152,230,210,218,116,125,174,242,151,206,22,29,23,19,27,29,23,29,24,26,21,26,19,25,21,26,19,22,19,20,22,24,0,0,0,0,0,0,0,0,0,0,0,0,0,0,0,0,0,0,0,0,0,0
2011,2,pine,161,193,184,161,232,185,174,194,208,173,160,178,154,213,203,203,108,115,176,231,151,172,22,23,19,20,23,28,22,26,20,21,19,23,16,18,22,25,18,22,17,17,23,23,0,0,0,0,0,0,0,0,0,0,0,0,0,0,0,0,0,0,0,0,0,0
2011,3,pine,169,190,172,150,212,161,182,191,163,173,153,171,144,194,179,190,110,126,176,221,142,157,23,23,21,20,25,27,19,27,19,21,17,23,15,17,22,24,21,22,17,18,20,20,0,0,0,0,0,0,0,0,0,0,0,0,0,0,0,0,0,0,0,0,0,0
2011,4,pine,184,205,161,142,194,180,186,190,200,187,193,195,160,198,172,195,113,118,172,213,153,172,20,28,22,18,25,29,19,25,21,25,17,25,15,17,22,26,20,20,22,20,23,24,0,0,0,0,0,0,0,0,0,0,0,0,0,0,0,0,0,0,0,0,0,0
2012,1,pine,196,232,172,168,183,169,164,189,225,189,166,199,170,208,175,196,123,121,175,221,151,193,21,29,24,16,26,30,19,26,24,24,19,24,15,23,22,27,18,25,24,26,20,23,0,0,0,0,0,0,0,0,0,0,0,0,0,0,0,0,0,0,0,0,0,0
2012,2,pine,184,206,162,146,180,184,172,184,196,189,155,185,161,191,168,187,123,126,182,200,136,167,21,26,25,19,30,29,22,27,22,25,16,23,14,18,20,25,20,25,26,24,25,23,0,0,0,0,0,0,0,0,0,0,0,0,0,0,0,0,0,0,0,0,0,0
2012,3,pine,171,188,170,141,195,186,172,186,194,186,145,180,159,203,180,187,113,114,182,193,167,174,22,30,22,17,31,29,20,28,24,25,17,23,16,20,24,28,22,20,27,21,24,26,0,0,0,0,0,0,0,0,0,0,0,0,0,0,0,0,0,0,0,0,0,0
2012,4,pine,168,191,166,135,197,196,173,194,209,181,154,187,163,209,168,184,120,127,204,199,144,174,22,31,25,18,36,35,21,31,28,25,18,27,16,21,22,27,23,21,23,19,25,28,0,0,0,0,0,0,0,0,0,0,0,0,0,0,0,0,0,0,0,0,0,0
2013,1,pine,190,202,177,153,196,202,175,219,204,213,172,195,172,223,182,189,111,129,207,215,154,187,24,31,27,20,33,34,24,32,29,31,21,31,16,25,24,27,18,22,20,19,30,32,0,0,0,0,0,0,0,0,0,0,0,0,0,0,0,0,0,0,0,0,0,0
2013,2,pine,197,207,177,145,207,206,180,221,210,199,158,192,193,225,173,206,93,120,214,205,148,185,25,29,26,20,34,36,20,33,24,27,21,27,17,23,23,29,17,20,25,24,31,32,0,0,0,0,0,0,0,0,0,0,0,0,0,0,0,0,0,0,0,0,0,0
2013,3,pine,186,216,176,129,205,221,168,216,185,191,168,190,175,205,162,188,121,124,212,176,161,192,23,34,24,18,39,41,20,37,24,24,21,26,19,26,23,30,18,21,20,22,32,33,0,0,0,0,0,0,0,0,0,0,0,0,0,0,0,0,0,0,0,0,0,0
2013,4,pine,170,207,180,178,208,217,186,219,210,183,177,189,197,215,182,195,125,125,206,227,164,194,26,39,24,18,35,37,22,37,27,24,21,26,19,25,22,29,18,19,22,28,28,34,0,0,0,0,0,0,0,0,0,0,0,0,0,0,0,0,0,0,0,0,0,0
2014,1,pine,199,230,182,158,202,206,198,233,232,215,169,196,191,206,191,196,124,126,210,238,153,181,27,38,25,18,35,36,27,39,31,25,17,30,16,23,27,34,19,20,25,27,27,35,0,0,0,0,0,0,0,0,0,0,0,0,0,0,0,0,0,0,0,0,0,0
2014,2,pine,177,228,180,168,225,210,187,226,208,194,163,192,175,212,184,207,114,122,200,220,182,195,25,24,25,19,40,45,25,40,33,29,18,28,17,26,26,35,21,19,24,27,32,35,0,0,0,0,0,0,0,0,0,0,0,0,0,0,0,0,0,0,0,0,0,0
2014,3,pine,182,205,178,163,224,212,201,223,195,189,158,186,162,200,175,209,121,156,203,246,181,179,24,35,21,20,41,39,27,38,29,26,14,25,14,23,29,35,21,18,25,25,32,34,0,0,0,0,0,0,0,0,0,0,0,0,0,0,0,0,0,0,0,0,0,0
2014,4,pine,187,188,193,173,227,213,210,230,227,204,168,187,211,233,188,202,116,122,244,254,184,188,23,32,24,21,42,37,25,38,33,29,16,25,20,25,26,36,21,22,35,29,34,36,0,0,0,0,0,0,0,0,0,0,0,0,0,0,0,0,0,0,0,0,0,0
2015,1,pine,184,188,203,177,231,216,214,228,231,211,168,197,167,222,194,208,137,144,225,246,169,180,24,34,21,19,41,36,26,38,27,26,15,30,19,31,28,37,18,24,27,28,34,35,0,0,0,0,0,0,0,0,0,0,0,0,0,0,0,0,0,0,0,0,0,0
2015,2,pine,174,202,196,167,228,201,191,214,229,204,174,199,159,194,179,203,147,151,229,237,167,183,22,29,20,21,44,33,25,40,29,27,14,27,17,23,25,32,20,22,28,33,29,36,0,0,0,0,0,0,0,0,0,0,0,0,0,0,0,0,0,0,0,0,0,0
2015,3,pine,189,189,182,163,224,202,189,216,237,198,183,205,153,190,190,212,145,153,219,229,161,178,22,28,22,17,45,33,25,36,28,25,13,24,16,24,27,35,20,20,24,28,34,35,0,0,0,0,0,0,0,0,0,0,0,0,0,0,0,0,0,0,0,0,0,0
2015,4,pine,183,182,176,183,224,211,193,213,225,186,181,197,164,199,188,218,151,149,221,231,178,175,24,29,23,21,38,33,29,42,31,23,15,25,15,25,28,41,20,19,28,27,28,32,0,0,0,0,0,0,0,0,0,0,0,0,0,0,0,0,0,0,0,0,0,0
2016,1,pine,183,201,178,177,227,215,200,218,205,199,148,192,174,207,188,217,151,157,194,244,174,174,23,29,21,17,42,40,29,44,35,28,17,27,18,24,29,41,22,16,30,28,33,35,0,0,0,0,0,0,0,0,0,0,0,0,0,0,0,0,0,0,0,0,0,0
2016,2,pine,177,192,176,174,222,205,183,200,226,200,179,191,157,224,183,208,146,163,203,210,144,156,23,29,20,16,46,34,28,38,31,27,17,26,17,36,28,39,17,17,25,22,34,34,0,0,0,0,0,0,0,0,0,0,0,0,0,0,0,0,0,0,0,0,0,0
2016,3,pine,183,170,178,169,216,199,167,214,223,193,175,186,152,227,186,218,212,125,187,213,153,159,22,28,18,15,44,34,24,41,30,24,17,25,21,40,26,41,16,16,24,19,38,35,0,0,0,0,0,0,0,0,0,0,0,0,0,0,0,0,0,0,0,0,0,0
2016,4,pine,180,171,175,171,216,201,172,202,201,202,166,182,159,225,182,208,117,114,198,222,155,165,22,26,19,20,35,30,25,36,31,21,15,21,19,37,24,34,18,16,25,26,32,33,0,0,0,0,0,0,0,0,0,0,0,0,0,0,0,0,0,0,0,0,0,0
2017,1,pine,167,181,176,147,224,195,161,195,201,187,152,190,158,217,175,208,146,131,199,202,153,155,20,25,17,18,38,31,24,38,30,26,14,22,21,36,24,33,19,20,22,25,27,33,0,0,0,0,0,0,0,0,0,0,0,0,0,0,0,0,0,0,0,0,0,0
2017,2,pine,173,174,169,164,224,196,153,200,191,171,156,177,151,204,178,207,139,140,203,207,145,147,18,22,17,14,39,30,24,36,29,25,13,23,22,44,24,33,18,18,19,23,26,31,0,0,0,0,0,0,0,0,0,0,0,0,0,0,0,0,0,0,0,0,0,0
2017,3,pine,169,174,166,170,216,201,170,205,195,179,162,187,153,197,177,204,139,133,207,214,142,152,21,24,17,15,41,31,25,39,29,26,14,20,21,38,23,33,15,19,20,23,24,31,0,0,0,0,0,0,0,0,0,0,0,0,0,0,0,0,0,0,0,0,0,0
2017,4,pine,177,187,177,161,233,212,168,205,176,171,164,184,160,200,178,198,137,140,183,188,144,153,23,27,17,18,42,33,25,39,29,25,15,23,22,36,22,33,16,16,23,26,26,33,0,0,0,0,0,0,0,0,0,0,0,0,0,0,0,0,0,0,0,0,0,0
2018,1,pine,182,195,177,166,231,199,168,210,193,174,166,184,165,210,169,205,139,135,203,190,146,149,19,28,19,17,43,32,24,37,31,23,12,21,23,38,23,34,14,16,25,24,25,32,0,0,0,0,0,0,0,0,0,0,0,0,0,0,0,0,0,0,0,0,0,0
2018,2,pine,173,184,172,159,226,202,165,212,205,168,173,186,166,211,168,205,140,131,192,184,139,148,18,25,20,17,43,31,24,37,30,24,11,20,22,40,22,35,14,13,24,20,26,31,0,0,0,0,0,0,0,0,0,0,0,0,0,0,0,0,0,0,0,0,0,0
2018,3,pine,179,180,173,159,234,212,163,204,196,161,176,182,167,221,164,206,139,140,186,181,144,164,18,24,17,17,43,33,23,35,25,19,10,18,21,34,23,32,14,14,22,19,29,30,0,0,0,0,0,0,0,0,0,0,0,0,0,0,0,0,0,0,0,0,0,0
2018,4,pine,171,180,183,169,226,202,179,204,192,159,161,187,166,202,169,204,139,157,196,195,151,168,16,29,18,19,40,21,26,38,25,20,12,18,20,35,22,30,14,15,28,20,32,33,0,0,0,0,0,0,0,0,0,0,0,0,0,0,0,0,0,0,0,0,0,0
2019,1,pine,167,178,191,168,208,208,169,196,188,157,152,174,169,250,157,188,130,136,194,183,139,160,17,28,26,22,44,28,28,39,27,25,9,20,23,32,26,36,14,13,33,36,34,38,0,0,0,0,0,0,0,0,0,0,0,0,0,0,0,0,0,0,0,0,0,0
2019,2,pine,164,166,183,165,207,190,160,193,186,160,152,174,159,239,153,186,134,135,214,181,141,142,16,24,19,18,42,29,25,40,27,21,11,21,21,24,24,36,14,11,29,28,32,32,0,0,0,0,0,0,0,0,0,0,0,0,0,0,0,0,0,0,0,0,0,0
2019,3,pine,155,164,170,154,197,187,151,179,182,153,150,169,159,226,147,177,134,124,201,188,136,143,16,21,18,17,41,28,24,37,27,19,12,19,21,27,23,31,15,14,25,22,26,29,0,0,0,0,0,0,0,0,0,0,0,0,0,0,0,0,0,0,0,0,0,0
2019,4,pine,159,162,172,162,202,179,155,177,183,159,150,168,156,231,157,173,136,120,189,200,154,150,16,22,17,17,39,27,25,34,25,17,9,16,21,32,21,29,18,14,22,26,32,34,0,0,0,0,0,0,0,0,0,0,0,0,0,0,0,0,0,0,0,0,0,0
2020,1,pine,167,168,178,154,198,179,153,190,184,160,155,171,146,229,157,172,136,119,210,190,147,151,17,25,16,15,38,28,23,35,24,18,9,16,19,31,23,27,19,17,26,29,27,32,0,0,0,0,0,0,0,0,0,0,0,0,0,0,0,0,0,0,0,0,0,0
2020,2,pine,155,172,170,161,195,183,142,189,194,171,140,146,132,188,140,175,132,116,159,168,142,138,12,22,16,16,40,29,19,35,24,20,8,16,20,29,22,26,16,17,21,26,24,32,0,0,0,0,0,0,0,0,0,0,0,0,0,0,0,0,0,0,0,0,0,0
2020,3,pine,153,165,168,158,199,185,144,194,180,146,141,164,131,188,135,168,115,119,160,168,151,136,14,18,16,15,40,32,18,36,18,13,9,15,19,32,21,27,15,14,20,25,30,31,0,0,0,0,0,0,0,0,0,0,0,0,0,0,0,0,0,0,0,0,0,0
2020,4,pine,159,171,180,153,210,205,158,190,179,158,169,165,150,230,138,170,99,109,182,226,147,156,16,22,15,15,43,31,25,37,21,15,11,14,21,33,22,29,16,15,20,25,26,33,0,0,0,0,0,0,0,0,0,0,0,0,0,0,0,0,0,0,0,0,0,0
2021,1,pine,158,169,209,169,223,210,164,214,159,160,174,171,164,187,152,178,119,109,181,241,138,158,15,27,14,12,45,30,25,36,24,15,8,15,23,38,25,31,20,14,19,27,29,38,0,0,0,0,0,0,0,0,0,0,0,0,0,0,0,0,0,0,0,0,0,0
2021,2,pine,161,173,203,167,216,207,177,203,193,192,152,173,184,242,164,178,116,111,197,228,141,142,16,27,13,13,49,32,26,41,23,15,9,13,20,31,26,26,18,13,19,24,27,34,0,0,0,0,0,0,0,0,0,0,0,0,0,0,0,0,0,0,0,0,0,0
2001,1,oak,353.00,349.00,249.00,331.00,84.00,137.00,236.00,264.00,234.00,355.00,346.00,331.00,309.00,230.00,242.00,212.00,259.00,376.00,204.00,186.00,282.00,201.00,15.25,18.26,15.17,7.98,9.31,12.85,14.37,19.52,13.30,18.37,14.07,13.34,11.53,9.06,15.88,18.63,9.16,6.53,22.66,13.24,8.70,6.39,0.00,0.00,0.00,0.00,0.00,0.00,0.00,0.00,0.00,0.00,0.00,0.00,0.00,0.00,0.00,0.00,0.00,0.00,0.00,0.00,0.00,0.00
2001,2,oak,272.00,376.00,408.00,263.00,95.00,130.00,212.00,254.00,318.00,359.00,338.00,268.00,277.00,238.00,241.00,249.00,245.00,350.00,169.00,206.00,302.00,269.00,17.72,24.51,20.10,10.47,14.08,15.15,15.53,21.94,15.70,16.24,18.71,13.67,11.96,6.68,16.53,19.31,8.77,8.48,20.00,13.41,7.93,6.64,0.00,0.00,0.00,0.00,0.00,0.00,0.00,0.00,0.00,0.00,0.00,0.00,0.00,0.00,0.00,0.00,0.00,0.00,0.00,0.00,0.00,0.00
2001,3,oak,302.00,384.00,346.00,265.00,102.00,143.00,252.00,267.00,291.00,370.00,319.00,336.00,249.00,280.00,271.00,234.00,234.00,313.00,196.00,257.00,302.00,246.00,19.34,22.17,20.33,10.60,14.28,17.60,14.86,21.23,15.28,18.85,15.15,14.28,10.35,11.09,17.33,20.26,9.93,13.18,14.53,13.40,10.18,7.50,0.00,0.00,0.00,0.00,0.00,0.00,0.00,0.00,0.00,0.00,0.00,0.00,0.00,0.00,0.00,0.00,0.00,0.00,0.00,0.00,0.00,0.00
2001,4,oak,300.00,357.00,339.00,257.00,100.00,143.00,217.00,239.00,278.00,359.00,321.00,341.00,304.00,313.00,254.00,233.00,226.00,357.00,189.00,252.00,354.00,270.00,16.97,23.88,17.73,10.03,10.95,15.25,15.11,22.92,16.99,16.17,16.92,12.82,11.72,8.66,19.08,19.71,9.73,12.73,20.82,11.40,10.37,9.18,0.00,0.00,0.00,0.00,0.00,0.00,0.00,0.00,0.00,0.00,0.00,0.00,0.00,0.00,0.00,0.00,0.00,0.00,0.00,0.00,0.00,0.00
2002,1,oak,362.00,323.00,325.00,259.00,107.00,141.00,202.00,273.00,249.00,328.00,281.00,313.00,327.00,225.00,252.00,238.00,232.00,375.00,203.00,236.00,290.00,283.00,20.74,23.84,17.55,13.92,13.35,14.28,15.09,20.88,12.56,14.14,19.69,12.25,13.49,8.98,16.89,19.49,9.43,11.60,16.50,13.20,8.47,6.44,0.00,0.00,0.00,0.00,0.00,0.00,0.00,0.00,0.00,0.00,0.00,0.00,0.00,0.00,0.00,0.00,0.00,0.00,0.00,0.00,0.00,0.00
2002,2,oak,366.00,291.00,269.00,254.00,109.00,147.00,150.00,175.00,269.00,299.00,329.00,288.00,249.00,157.00,314.00,255.00,212.00,381.00,168.00,223.00,186.00,247.00,17.91,19.68,18.18,11.96,10.47,15.96,14.36,21.26,13.24,13.92,9.96,12.41,14.07,5.95,15.56,18.01,11.53,10.80,19.14,12.70,9.40,6.57,0.00,0.00,0.00,0.00,0.00,0.00,0.00,0.00,0.00,0.00,0.00,0.00,0.00,0.00,0.00,0.00,0.00,0.00,0.00,0.00,0.00,0.00
2002,3,oak,291.00,364.00,330.00,263.00,109.00,142.00,175.00,223.00,318.00,299.00,281.00,319.00,336.00,277.00,290.00,253.00,203.00,302.00,172.00,188.00,218.00,233.00,18.56,19.95,15.24,11.60,11.61,18.30,16.85,19.56,15.04,15.08,10.03,12.89,14.92,6.61,14.66,17.01,12.67,7.32,15.44,12.50,7.15,8.34,0.00,0.00,0.00,0.00,0.00,0.00,0.00,0.00,0.00,0.00,0.00,0.00,0.00,0.00,0.00,0.00,0.00,0.00,0.00,0.00,0.00,0.00
2002,4,oak,284.00,337.00,329.00,263.00,110.00,149.00,241.00,302.00,275.00,287.00,282.00,323.00,284.00,317.00,299.00,286.00,221.00,277.00,169.00,189.00,282.00,257.00,21.24,24.26,14.49,11.47,11.53,19.04,18.60,22.10,21.59,18.63,17.98,14.67,12.67,9.24,16.99,18.13,14.50,10.63,15.95,12.99,11.60,9.99,0.00,0.00,0.00,0.00,0.00,0.00,0.00,0.00,0.00,0.00,0.00,0.00,0.00,0.00,0.00,0.00,0.00,0.00,0.00,0.00,0.00,0.00
2003,1,oak,370.00,387.00,331.00,267.00,149.00,158.00,328.00,313.00,249.00,284.00,301.00,303.00,268.00,261.00,273.00,271.00,326.00,358.00,225.00,184.00,263.00,245.00,26.11,34.19,14.96,11.60,15.14,18.60,19.87,28.83,18.72,18.85,25.59,19.07,18.95,21.65,19.39,21.78,19.50,20.24,15.95,15.27,15.53,11.46,0.00,0.00,0.00,0.00,0.00,0.00,0.00,0.00,0.00,0.00,0.00,0.00,0.00,0.00,0.00,0.00,0.00,0.00,0.00,0.00,0.00,0.00
2003,2,oak,347.00,390.00,371.00,398.00,149.00,143.00,257.00,305.00,348.00,318.00,298.00,322.00,287.00,272.00,309.00,262.00,308.00,306.00,173.00,184.00,267.00,204.00,26.52,31.39,18.91,20.30,16.94,20.36,20.00,26.07,20.24,20.39,22.30,18.27,16.30,10.05,20.98,21.43,13.40,14.33,16.82,15.60,14.14,9.43,0.00,0.00,0.00,0.00,0.00,0.00,0.00,0.00,0.00,0.00,0.00,0.00,0.00,0.00,0.00,0.00,0.00,0.00,0.00,0.00,0.00,0.00
2003,3,oak,371.00,371.00,336.00,337.00,149.00,155.00,321.00,348.00,295.00,387.00,305.00,271.00,358.00,291.00,242.00,276.00,242.00,201.00,267.00,188.00,278.00,267.00,32.47,38.21,17.84,13.05,23.69,20.49,23.58,29.97,21.82,20.30,33.15,22.26,14.66,9.87,24.87,29.30,12.06,17.40,22.48,15.94,14.50,11.67,0.00,0.00,0.00,0.00,0.00,0.00,0.00,0.00,0.00,0.00,0.00,0.00,0.00,0.00,0.00,0.00,0.00,0.00,0.00,0.00,0.00,0.00
2003,4,oak,424.00,379.00,365.00,337.00,,144.00,321.00,321.00,300.00,373.00,331.00,349.00,348.00,308.00,282.00,312.00,337.00,201.00,240.00,181.00,246.00,336.00,31.57,40.02,17.34,10.88,18.76,28.49,32.31,36.21,16.08,14.37,25.85,23.55,16.99,11.18,22.53,25.69,18.85,18.85,25.38,15.36,8.70,7.80,0.00,0.00,0.00,0.00,0.00,0.00,0.00,0.00,0.00,0.00,0.00,0.00,0.00,0.00,0.00,0.00,0.00,0.00,0.00,0.00,0.00,0.00
2004,1,oak,352.00,342.00,361.00,341.00,,162.00,297.00,304.00,256.00,362.00,337.00,347.00,370.00,317.00,337.00,335.00,333.00,333.00,226.00,188.00,311.00,296.00,25.62,32.18,19.72,10.15,21.78,22.01,25.45,28.65,21.72,10.01,21.66,18.69,17.15,9.15,21.90,27.85,18.85,18.85,26.10,17.44,15.04,11.44,0.00,0.00,0.00,0.00,0.00,0.00,0.00,0.00,0.00,0.00,0.00,0.00,0.00,0.00,0.00,0.00,0.00,0.00,0.00,0.00,0.00,0.00
2004,2,oak,388.00,374.00,370.00,341.00,,166.00,256.00,318.00,291.00,287.00,278.00,318.00,257.00,270.00,312.00,328.00,289.00,321.00,,223.00,282.00,173.00,20.59,25.90,19.97,13.78,20.21,17.11,18.04,21.29,18.02,11.60,13.43,11.64,14.67,10.35,20.24,20.30,12.60,17.40,14.50,13.75,6.45,4.44,0.00,0.00,0.00,0.00,0.00,0.00,0.00,0.00,0.00,0.00,0.00,0.00,0.00,0.00,0.00,0.00,0.00,0.00,0.00,0.00,0.00,0.00
2004,3,oak,395.00,345.00,393.00,337.00,,179.00,261.00,308.00,327.00,284.00,355.00,357.00,288.00,300.00,318.00,294.00,299.00,438.00,251.00,284.00,208.00,265.00,16.40,24.39,14.86,8.70,21.43,17.30,14.18,19.81,17.63,14.88,18.20,18.21,15.09,8.73,21.01,21.27,11.35,14.50,18.56,14.98,9.73,7.77,0.00,0.00,0.00,0.00,0.00,0.00,0.00,0.00,0.00,0.00,0.00,0.00,0.00,0.00,0.00,0.00,0.00,0.00,0.00,0.00,0.00,0.00
2004,4,oak,368.00,299.00,371.00,306.00,,179.00,260.00,280.00,381.00,261.00,327.00,292.00,268.00,281.00,279.00,322.00,300.00,416.00,345.00,319.00,371.00,304.00,22.94,21.07,22.37,10.15,15.17,15.47,23.21,25.74,17.50,12.98,18.76,15.67,14.78,6.28,21.90,21.11,10.15,13.05,24.65,15.47,8.63,14.86,0.00,0.00,0.00,0.00,0.00,0.00,0.00,0.00,0.00,0.00,0.00,0.00,0.00,0.00,0.00,0.00,0.00,0.00,0.00,0.00,0.00,0.00
2005,1,oak,351.00,367.00,389.00,306.00,,166.00,256.00,304.00,295.00,350.00,335.00,273.00,267.00,275.00,307.00,336.00,269.00,322.00,198.00,350.00,326.00,264.00,27.70,24.68,29.20,13.05,18.18,18.28,27.75,25.24,24.23,15.59,21.81,15.05,11.44,9.56,19.49,24.66,16.68,17.33,29.36,22.11,7.79,6.90,0.00,0.00,0.00,0.00,0.00,0.00,0.00,0.00,0.00,0.00,0.00,0.00,0.00,0.00,0.00,0.00,0.00,0.00,0.00,0.00,0.00,0.00
2005,2,oak,320.00,339.00,327.00,306.00,,,290.00,295.00,323.00,297.00,375.00,266.00,327.00,260.00,279.00,290.00,202.00,296.00,385.00,385.00,237.00,226.00,25.52,24.33,40.46,14.50,20.71,20.42,20.58,25.03,24.59,15.28,27.71,21.68,11.77,9.28,21.72,25.96,10.74,13.56,37.29,21.04,9.06,7.03,0.00,0.00,0.00,0.00,0.00,0.00,0.00,0.00,0.00,0.00,0.00,0.00,0.00,0.00,0.00,0.00,0.00,0.00,0.00,0.00,0.00,0.00
2005,3,oak,312.00,305.00,322.00,306.00,,,284.00,286.00,364.00,282.00,372.00,361.00,387.00,271.00,316.00,327.00,249.00,326.00,330.00,276.00,271.00,227.00,25.64,27.49,31.29,15.95,24.98,25.61,22.37,26.55,29.20,15.78,22.05,19.33,15.01,9.09,22.75,28.09,13.05,18.85,31.38,21.62,8.86,5.60,0.00,0.00,0.00,0.00,0.00,0.00,0.00,0.00,0.00,0.00,0.00,0.00,0.00,0.00,0.00,0.00,0.00,0.00,0.00,0.00,0.00,0.00
2005,4,oak,322.00,290.00,311.00,306.00,328.00,,284.00,263.00,321.00,287.00,380.00,363.00,274.00,297.00,283.00,270.00,305.00,324.00,274.00,276.00,294.00,216.00,23.91,23.97,25.88,10.15,21.78,19.40,25.75,27.81,22.29,11.05,18.33,16.68,14.73,9.77,22.30,29.00,11.60,13.05,20.88,14.70,8.29,9.31,0.00,0.00,0.00,0.00,0.00,0.00,0.00,0.00,0.00,0.00,0.00,0.00,0.00,0.00,0.00,0.00,0.00,0.00,0.00,0.00,0.00,0.00
2006,1,oak,292.00,313.00,281.00,267.00,162.00,158.00,214.00,263.00,265.00,325.00,349.00,271.00,328.00,325.00,307.00,288.00,311.00,337.00,265.00,263.00,262.00,219.00,21.46,25.16,24.94,11.60,19.55,18.49,20.53,30.68,23.55,19.58,22.59,17.14,18.68,14.08,24.91,28.58,14.50,13.78,19.53,14.92,8.96,6.92,0.00,0.00,0.00,0.00,0.00,0.00,0.00,0.00,0.00,0.00,0.00,0.00,0.00,0.00,0.00,0.00,0.00,0.00,0.00,0.00,0.00,0.00
2006,2,oak,274.00,272.00,279.00,276.00,153.00,166.00,269.00,252.00,289.00,289.00,273.00,306.00,303.00,307.00,273.00,300.00,245.00,350.00,201.00,214.00,251.00,266.00,17.18,23.49,23.06,8.70,14.33,15.98,18.73,24.03,22.26,16.31,16.49,15.20,9.12,8.02,21.58,28.07,16.68,5.00,15.52,10.08,8.15,6.60,0.00,0.00,0.00,0.00,0.00,0.00,0.00,0.00,0.00,0.00,0.00,0.00,0.00,0.00,0.00,0.00,0.00,0.00,0.00,0.00,0.00,0.00
2006,3,oak,230.00,261.00,266.00,271.00,153.00,166.00,273.00,264.00,257.00,249.00,253.00,283.00,273.00,296.00,296.00,270.00,245.00,279.00,173.00,195.00,224.00,237.00,14.95,18.21,23.35,10.15,19.26,17.04,16.21,20.34,20.01,15.83,12.34,12.96,12.64,8.54,21.27,24.04,13.05,14.86,18.42,13.49,8.70,7.31,0.00,0.00,0.00,0.00,0.00,0.00,0.00,0.00,0.00,0.00,0.00,0.00,0.00,0.00,0.00,0.00,0.00,0.00,0.00,0.00,0.00,0.00
2006,4,oak,287.00,279.00,263.00,241.00,158.00,150.00,242.00,247.00,236.00,300.00,313.00,372.00,305.00,299.00,302.00,294.00,269.00,287.00,186.00,,239.00,302.00,16.34,18.62,26.40,11.60,17.82,12.25,17.84,21.61,27.88,16.17,14.37,14.14,14.62,10.38,24.56,23.26,18.98,15.47,26.29,14.40,9.40,9.67,0.00,0.00,0.00,0.00,0.00,0.00,0.00,0.00,0.00,0.00,0.00,0.00,0.00,0.00,0.00,0.00,0.00,0.00,0.00,0.00,0.00,0.00
2007,1,oak,275.00,315.00,363.00,245.00,136.00,158.00,327.00,251.00,256.00,353.00,229.00,307.00,269.00,342.00,293.00,296.00,292.00,307.00,226.00,,291.00,320.00,20.47,21.11,31.41,10.88,12.48,12.11,20.42,21.07,25.92,22.40,20.53,16.14,15.99,14.04,22.87,25.30,17.62,13.50,29.34,17.49,13.18,10.94,0.00,0.00,0.00,0.00,0.00,0.00,0.00,0.00,0.00,0.00,0.00,0.00,0.00,0.00,0.00,0.00,0.00,0.00,0.00,0.00,0.00,0.00
2007,2,oak,260.00,313.00,377.00,315.00,127.00,142.00,245.00,248.00,288.00,328.00,263.00,271.00,245.00,285.00,293.00,280.00,283.00,413.00,238.00,255.00,310.00,291.00,17.92,19.17,32.81,10.88,14.56,15.72,17.52,22.07,22.88,17.95,15.96,14.86,12.88,11.74,22.01,24.85,12.89,12.99,28.94,15.44,8.70,8.31,0.00,0.00,0.00,0.00,0.00,0.00,0.00,0.00,0.00,0.00,0.00,0.00,0.00,0.00,0.00,0.00,0.00,0.00,0.00,0.00,0.00,0.00
2007,3,oak,259.00,308.00,357.00,298.00,131.00,138.00,236.00,270.00,270.00,273.00,271.00,253.00,272.00,301.00,281.00,284.00,266.00,251.00,173.00,,243.00,209.00,20.55,16.79,34.21,28.28,19.50,14.51,23.07,21.56,30.44,18.34,11.73,17.62,22.75,14.15,21.87,22.82,15.41,14.88,40.76,22.62,10.15,17.40,0.00,0.00,0.00,0.00,0.00,0.00,0.00,0.00,0.00,0.00,0.00,0.00,0.00,0.00,0.00,0.00,0.00,0.00,0.00,0.00,0.00,0.00
2007,4,oak,291.00,266.00,409.00,225.00,131.00,127.00,287.00,275.00,423.00,315.00,291.00,292.00,286.00,299.00,304.00,266.00,277.00,329.00,255.00,,272.00,233.00,14.60,18.17,41.09,22.43,16.61,14.77,22.36,23.34,25.07,14.20,18.32,13.43,12.87,11.38,22.35,23.21,21.32,12.33,42.27,27.50,9.39,9.43,0.00,0.00,0.00,0.00,0.00,0.00,0.00,0.00,0.00,0.00,0.00,0.00,0.00,0.00,0.00,0.00,0.00,0.00,0.00,0.00,0.00,0.00
2008,1,oak,259.00,320.00,318.00,238.00,,,238.00,248.00,261.00,234.00,258.00,297.00,246.00,286.00,283.00,310.00,322.00,342.00,203.00,,248.00,304.00,19.22,19.02,45.49,19.94,13.95,14.58,18.09,21.11,36.31,16.43,21.12,15.37,11.95,12.90,20.13,22.74,21.57,17.98,36.54,20.82,8.26,8.06,0.00,0.00,0.00,0.00,0.00,0.00,0.00,0.00,0.00,0.00,0.00,0.00,0.00,0.00,0.00,0.00,0.00,0.00,0.00,0.00,0.00,0.00
2008,2,oak,314.00,294.00,311.00,210.00,,,240.00,252.00,226.00,255.00,321.00,292.00,265.00,288.00,298.00,342.00,279.00,318.00,203.00,193.00,234.00,301.00,29.69,22.60,25.54,15.23,18.49,16.02,17.53,19.93,25.72,19.32,21.27,17.99,18.37,14.03,19.33,21.43,13.68,21.75,27.54,17.81,7.14,9.79,0.00,0.00,0.00,0.00,0.00,0.00,0.00,0.00,0.00,0.00,0.00,0.00,0.00,0.00,0.00,0.00,0.00,0.00,0.00,0.00,0.00,0.00
2008,3,oak,331.00,266.00,318.00,333.00,152.00,139.00,257.00,259.00,240.00,195.00,313.00,351.00,320.00,282.00,283.00,264.00,313.00,315.00,211.00,217.00,221.00,264.00,25.79,25.76,38.38,32.55,20.41,16.75,22.09,20.85,31.02,32.98,22.21,18.76,15.18,12.36,20.30,21.82,15.94,21.48,37.88,25.43,8.14,11.28,0.00,0.00,0.00,0.00,0.00,0.00,0.00,0.00,0.00,0.00,0.00,0.00,0.00,0.00,0.00,0.00,0.00,0.00,0.00,0.00,0.00,0.00
2008,4,oak,253.00,305.00,309.00,256.00,125.00,122.00,225.00,256.00,220.00,210.00,303.00,408.00,254.00,268.00,261.00,276.00,256.00,299.00,234.00,257.00,216.00,270.00,30.15,28.23,49.39,24.09,18.22,17.65,25.96,23.67,32.44,27.27,26.77,30.56,19.36,21.41,28.16,27.64,18.13,19.00,36.28,17.30,9.25,16.80,0.00,0.00,0.00,0.00,0.00,0.00,0.00,0.00,0.00,0.00,0.00,0.00,0.00,0.00,0.00,0.00,0.00,0.00,0.00,0.00,0.00,0.00
2009,1,oak,258.00,278.00,300.00,213.00,139.00,118.00,177.00,236.00,264.00,205.00,247.00,351.00,251.00,253.00,223.00,232.00,190.00,287.00,210.00,274.00,229.00,235.00,27.50,24.61,44.57,23.52,17.00,17.21,18.27,20.76,30.59,21.81,35.67,28.47,14.51,20.38,26.59,25.80,15.50,18.90,30.58,21.30,10.28,10.39,0.00,0.00,0.00,0.00,0.00,0.00,0.00,0.00,0.00,0.00,0.00,0.00,0.00,0.00,0.00,0.00,0.00,0.00,0.00,0.00,0.00,0.00
2009,2,oak,293.00,277.00,285.00,203.00,109.00,98.00,180.00,243.00,216.00,220.00,278.00,318.00,240.00,233.00,210.00,229.00,186.00,283.00,192.00,279.00,199.00,249.00,24.69,24.95,39.71,25.96,16.74,14.44,16.87,21.79,37.31,15.98,24.82,18.17,9.93,13.25,24.33,24.68,16.44,18.25,29.84,15.32,9.08,8.10,0.00,0.00,0.00,0.00,0.00,0.00,0.00,0.00,0.00,0.00,0.00,0.00,0.00,0.00,0.00,0.00,0.00,0.00,0.00,0.00,0.00,0.00
2009,3,oak,247.00,243.00,263.00,209.00,111.00,106.00,236.00,280.00,252.00,243.00,283.00,327.00,227.00,251.00,214.00,232.00,215.00,352.00,179.00,244.00,219.00,249.00,27.71,26.29,35.50,26.98,19.80,17.23,15.87,23.52,29.34,26.69,24.08,24.59,14.58,10.58,24.09,26.11,19.43,22.02,26.66,12.55,10.66,10.73,0.00,0.00,0.00,0.00,0.00,0.00,0.00,0.00,0.00,0.00,0.00,0.00,0.00,0.00,0.00,0.00,0.00,0.00,0.00,0.00,0.00,0.00
2009,4,oak,276.00,266.00,267.00,,,,239.00,290.00,255.00,266.00,286.00,280.00,268.00,281.00,216.00,229.00,196.00,248.00,175.00,,185.00,280.00,38.28,35.90,29.28,24.51,20.71,19.74,24.46,24.44,29.65,20.38,34.45,29.56,16.74,13.51,25.89,27.86,22.76,28.57,34.36,16.20,9.52,12.09,0.00,0.00,0.00,0.00,0.00,0.00,0.00,0.00,0.00,0.00,0.00,0.00,0.00,0.00,0.00,0.00,0.00,0.00,0.00,0.00,0.00,0.00
2010,1,oak,270.00,234.00,271.00,206.00,114.00,118.00,273.00,329.00,214.00,258.00,270.00,280.00,310.00,326.00,262.00,337.00,230.00,255.00,188.00,234.00,214.00,310.00,46.02,45.89,62.32,40.04,20.63,28.12,37.09,36.27,44.03,34.43,51.92,52.90,20.45,22.54,32.57,33.75,19.47,37.02,48.71,34.90,10.68,17.48,0.00,0.00,0.00,0.00,0.00,0.00,0.00,0.00,0.00,0.00,0.00,0.00,0.00,0.00,0.00,0.00,0.00,0.00,0.00,0.00,0.00,0.00
2010,2,oak,263.00,254.00,327.00,211.00,114.00,107.00,337.00,328.00,232.00,255.00,291.00,283.00,315.00,426.00,281.00,281.00,245.00,377.00,244.00,226.00,213.00,315.00,33.90,41.93,54.76,32.53,19.26,18.63,35.32,33.14,39.32,31.86,31.90,49.78,17.49,18.19,32.13,28.78,18.49,28.79,44.69,32.30,9.36,10.78,0.00,0.00,0.00,0.00,0.00,0.00,0.00,0.00,0.00,0.00,0.00,0.00,0.00,0.00,0.00,0.00,0.00,0.00,0.00,0.00,0.00,0.00
2010,3,oak,304.00,293.00,302.00,264.00,120.00,118.00,296.00,306.00,240.00,276.00,294.00,321.00,246.00,365.00,283.00,319.00,274.00,360.00,223.00,256.00,260.00,282.00,25.44,33.81,34.01,24.31,20.85,18.02,28.61,30.59,23.00,23.15,18.10,18.13,16.13,15.53,28.49,27.22,19.16,21.26,21.43,19.56,10.14,10.84,0.00,0.00,0.00,0.00,0.00,0.00,0.00,0.00,0.00,0.00,0.00,0.00,0.00,0.00,0.00,0.00,0.00,0.00,0.00,0.00,0.00,0.00
2010,4,oak,276.00,286.00,303.00,270.00,156.00,117.00,281.00,349.00,265.00,323.00,288.00,307.00,251.00,298.00,274.00,278.00,228.00,352.00,207.00,225.00,251.00,274.00,23.45,29.48,34.82,21.80,22.40,17.43,26.81,26.71,22.30,21.01,19.63,19.32,15.96,8.93,22.11,26.88,15.98,20.28,27.13,22.39,13.56,13.97,0.00,0.00,0.00,0.00,0.00,0.00,0.00,0.00,0.00,0.00,0.00,0.00,0.00,0.00,0.00,0.00,0.00,0.00,0.00,0.00,0.00,0.00
2011,1,oak,251.00,280.00,288.00,277.00,,,296.00,298.00,216.00,310.00,295.00,298.00,310.00,300.00,255.00,254.00,254.00,315.00,209.00,255.00,238.00,252.00,23.19,30.44,35.14,23.44,20.83,20.23,25.09,23.76,22.43,21.67,14.98,20.69,21.31,15.13,24.74,24.87,18.59,15.77,23.86,18.95,13.47,11.35,0.00,0.00,0.00,0.00,0.00,0.00,0.00,0.00,0.00,0.00,0.00,0.00,0.00,0.00,0.00,0.00,0.00,0.00,0.00,0.00,0.00,0.00
2011,2,oak,255.00,250.00,303.00,288.00,172.00,146.00,266.00,293.00,243.00,299.00,313.00,288.00,276.00,294.00,295.00,266.00,251.00,286.00,198.00,259.00,262.00,275.00,24.61,26.24,27.35,25.74,22.42,16.50,17.13,23.69,19.70,18.03,20.87,17.92,15.77,13.89,22.87,22.95,13.67,18.29,19.80,14.45,15.61,10.67,0.00,0.00,0.00,0.00,0.00,0.00,0.00,0.00,0.00,0.00,0.00,0.00,0.00,0.00,0.00,0.00,0.00,0.00,0.00,0.00,0.00,0.00
2011,3,oak,259.00,247.00,285.00,256.00,143.00,151.00,239.00,316.00,251.00,299.00,322.00,308.00,307.00,293.00,276.00,245.00,239.00,318.00,184.00,258.00,258.00,281.00,21.11,24.74,25.23,18.90,19.99,17.54,19.83,22.75,20.13,14.39,16.60,13.78,17.20,13.37,21.34,25.26,16.70,20.34,20.76,16.30,14.32,13.31,0.00,0.00,0.00,0.00,0.00,0.00,0.00,0.00,0.00,0.00,0.00,0.00,0.00,0.00,0.00,0.00,0.00,0.00,0.00,0.00,0.00,0.00
2011,4,oak,264.00,262.00,317.00,307.00,164.00,157.00,282.00,305.00,285.00,296.00,311.00,311.00,259.00,300.00,276.00,259.00,256.00,299.00,214.00,256.00,253.00,265.00,20.45,27.70,28.67,18.15,18.06,16.73,19.82,21.88,22.25,17.39,18.46,17.30,13.28,11.32,19.44,22.79,15.22,17.12,23.65,17.29,11.59,10.43,0.00,0.00,0.00,0.00,0.00,0.00,0.00,0.00,0.00,0.00,0.00,0.00,0.00,0.00,0.00,0.00,0.00,0.00,0.00,0.00,0.00,0.00
2012,1,oak,260.00,288.00,324.00,305.00,137.00,133.00,249.00,293.00,242.00,328.00,319.00,287.00,268.00,283.00,289.00,267.00,246.00,288.00,218.00,275.00,275.00,287.00,21.62,28.02,37.01,15.74,15.23,19.26,19.90,19.57,28.06,20.78,19.45,21.67,12.65,13.78,19.68,21.66,15.51,17.73,32.54,22.55,13.05,7.87,0.00,0.00,0.00,0.00,0.00,0.00,0.00,0.00,0.00,0.00,0.00,0.00,0.00,0.00,0.00,0.00,0.00,0.00,0.00,0.00,0.00,0.00
2012,2,oak,280.00,322.00,317.00,289.00,141.00,127.00,267.00,299.00,255.00,326.00,342.00,320.00,297.00,302.00,298.00,275.00,252.00,306.00,265.00,315.00,275.00,290.00,22.35,27.60,41.94,16.00,12.33,13.06,15.95,21.39,37.79,24.29,28.04,23.64,11.10,9.32,18.47,22.55,13.97,17.79,41.08,24.92,12.47,9.59,0.00,0.00,0.00,0.00,0.00,0.00,0.00,0.00,0.00,0.00,0.00,0.00,0.00,0.00,0.00,0.00,0.00,0.00,0.00,0.00,0.00,0.00
2012,3,oak,271.00,322.00,328.00,303.00,152.00,145.00,231.00,297.00,257.00,324.00,332.00,324.00,274.00,283.00,288.00,295.00,238.00,321.00,254.00,302.00,309.00,271.00,20.95,27.34,35.41,19.75,14.85,14.73,15.73,20.24,29.68,26.58,27.11,25.29,13.02,8.67,22.39,25.20,14.91,17.76,38.43,22.61,11.56,11.63,0.00,0.00,0.00,0.00,0.00,0.00,0.00,0.00,0.00,0.00,0.00,0.00,0.00,0.00,0.00,0.00,0.00,0.00,0.00,0.00,0.00,0.00
2012,4,oak,329.00,305.00,307.00,316.00,151.00,147.00,239.00,326.00,257.00,309.00,328.00,350.00,284.00,299.00,279.00,290.00,250.00,322.00,255.00,311.00,268.00,287.00,32.83,33.21,38.95,18.76,17.49,24.32,16.62,25.19,31.68,26.57,31.92,30.27,12.40,11.18,20.13,24.63,20.26,20.36,34.35,21.61,15.04,10.79,0.00,0.00,0.00,0.00,0.00,0.00,0.00,0.00,0.00,0.00,0.00,0.00,0.00,0.00,0.00,0.00,0.00,0.00,0.00,0.00,0.00,0.00
2013,1,oak,360.00,315.00,340.00,245.00,149.00,156.00,266.00,351.00,262.00,314.00,309.00,357.00,341.00,298.00,307.00,304.00,279.00,324.00,219.00,285.00,263.00,247.00,32.57,35.95,39.24,16.30,15.30,24.87,18.22,22.84,38.08,27.15,32.34,30.73,12.24,13.07,20.78,23.70,15.57,23.30,27.36,20.75,12.36,10.54,0.00,0.00,0.00,0.00,0.00,0.00,0.00,0.00,0.00,0.00,0.00,0.00,0.00,0.00,0.00,0.00,0.00,0.00,0.00,0.00,0.00,0.00
2013,2,oak,349.00,311.00,367.00,303.00,143.00,147.00,268.00,328.00,285.00,313.00,314.00,357.00,326.00,350.00,319.00,323.00,294.00,329.00,229.00,285.00,290.00,253.00,35.63,33.71,41.11,13.75,17.04,19.91,19.29,23.58,28.58,32.53,33.30,31.96,12.91,12.79,21.87,25.00,18.56,21.58,27.28,19.95,14.71,15.68,0.00,0.00,0.00,0.00,0.00,0.00,0.00,0.00,0.00,0.00,0.00,0.00,0.00,0.00,0.00,0.00,0.00,0.00,0.00,0.00,0.00,0.00
2013,3,oak,392.00,394.00,404.00,334.00,151.00,159.00,285.00,331.00,300.00,338.00,397.00,413.00,305.00,318.00,324.00,325.00,341.00,330.00,228.00,270.00,319.00,291.00,46.93,41.97,40.78,14.84,21.40,26.76,21.87,29.48,29.09,27.57,37.08,31.16,14.01,13.75,23.48,26.58,26.75,28.22,25.45,21.27,15.27,15.81,0.00,0.00,0.00,0.00,0.00,0.00,0.00,0.00,0.00,0.00,0.00,0.00,0.00,0.00,0.00,0.00,0.00,0.00,0.00,0.00,0.00,0.00
2013,4,oak,449.00,438.00,436.00,318.00,172.00,158.00,323.00,353.00,284.00,298.00,384.00,426.00,313.00,328.00,383.00,331.00,347.00,358.00,227.00,234.00,346.00,322.00,49.42,41.36,45.10,20.38,28.10,31.93,27.23,33.89,35.08,28.83,30.57,33.47,17.74,15.65,24.29,27.99,20.53,29.15,31.29,23.70,15.17,15.75,0.00,0.00,0.00,0.00,0.00,0.00,0.00,0.00,0.00,0.00,0.00,0.00,0.00,0.00,0.00,0.00,0.00,0.00,0.00,0.00,0.00,0.00
2014,1,oak,435.00,428.00,424.00,330.00,251.00,213.00,358.00,400.00,330.00,337.00,395.00,444.00,346.00,377.00,365.00,343.00,417.00,430.00,298.00,285.00,367.00,339.00,51.81,44.43,47.33,16.72,26.91,35.98,25.86,33.61,38.21,26.80,26.61,34.09,14.78,12.82,27.20,26.52,24.32,25.19,41.15,23.52,18.88,20.55,0.00,0.00,0.00,0.00,0.00,0.00,0.00,0.00,0.00,0.00,0.00,0.00,0.00,0.00,0.00,0.00,0.00,0.00,0.00,0.00,0.00,0.00
2014,2,oak,437.00,433.00,480.00,345.00,268.00,237.00,364.00,381.00,328.00,355.00,438.00,442.00,329.00,382.00,399.00,387.00,439.00,481.00,311.00,321.00,366.00,310.00,48.72,45.84,54.57,29.69,26.58,31.97,24.04,33.51,43.20,30.34,28.67,33.91,16.87,16.40,25.91,28.61,23.16,24.11,44.49,27.99,25.57,20.61,0.00,0.00,0.00,0.00,0.00,0.00,0.00,0.00,0.00,0.00,0.00,0.00,0.00,0.00,0.00,0.00,0.00,0.00,0.00,0.00,0.00,0.00
2014,3,oak,435.00,389.00,520.00,393.00,221.00,225.00,366.00,387.00,377.00,363.00,440.00,437.00,295.00,379.00,392.00,378.00,460.00,407.00,323.00,323.00,375.00,334.00,44.85,40.85,59.87,33.76,20.67,28.65,26.68,34.67,46.00,36.35,33.32,30.97,15.17,14.59,30.02,30.01,22.97,21.03,36.04,29.83,29.24,23.68,0.00,0.00,0.00,0.00,0.00,0.00,0.00,0.00,0.00,0.00,0.00,0.00,0.00,0.00,0.00,0.00,0.00,0.00,0.00,0.00,0.00,0.00
2014,4,oak,464.00,435.00,521.00,372.00,211.00,247.00,381.00,397.00,350.00,354.00,467.00,438.00,415.00,429.00,390.00,373.00,389.00,375.00,366.00,353.00,366.00,355.00,43.92,44.77,59.26,33.77,23.01,25.64,27.44,32.79,33.26,28.84,33.75,32.62,20.23,15.88,25.13,28.35,25.46,27.41,39.93,37.28,28.48,23.07,0.00,0.00,0.00,0.00,0.00,0.00,0.00,0.00,0.00,0.00,0.00,0.00,0.00,0.00,0.00,0.00,0.00,0.00,0.00,0.00,0.00,0.00
2015,1,oak,447.00,409.00,522.00,393.00,262.00,272.00,370.00,410.00,362.00,282.00,465.00,416.00,367.00,384.00,410.00,390.00,417.00,390.00,366.00,357.00,444.00,409.00,45.69,46.40,49.14,36.01,20.09,23.91,27.64,30.32,33.04,35.79,32.48,31.51,19.99,21.42,24.20,26.03,23.98,24.58,39.79,34.76,26.48,22.13,0.00,0.00,0.00,0.00,0.00,0.00,0.00,0.00,0.00,0.00,0.00,0.00,0.00,0.00,0.00,0.00,0.00,0.00,0.00,0.00,0.00,0.00
2015,2,oak,413.00,388.00,499.00,391.00,258.00,283.00,335.00,362.00,363.00,381.00,402.00,403.00,398.00,415.00,383.00,361.00,384.00,431.00,349.00,373.00,363.00,299.00,46.32,37.89,49.84,37.79,20.56,22.67,24.90,27.73,40.64,28.64,24.34,26.57,15.36,16.07,23.38,28.19,20.30,20.94,45.34,39.95,22.62,23.23,0.00,0.00,0.00,0.00,0.00,0.00,0.00,0.00,0.00,0.00,0.00,0.00,0.00,0.00,0.00,0.00,0.00,0.00,0.00,0.00,0.00,0.00
2015,3,oak,406.00,387.00,493.00,397.00,280.00,302.00,348.00,362.00,341.00,351.00,371.00,394.00,339.00,409.00,348.00,345.00,399.00,434.00,369.00,384.00,355.00,385.00,43.15,39.65,56.91,33.98,22.23,25.83,26.64,30.37,41.88,31.50,22.96,27.74,17.07,17.86,25.15,30.15,18.71,15.34,45.11,43.10,27.21,25.31,0.00,0.00,0.00,0.00,0.00,0.00,0.00,0.00,0.00,0.00,0.00,0.00,0.00,0.00,0.00,0.00,0.00,0.00,0.00,0.00,0.00,0.00
2015,4,oak,428.00,396.00,435.00,374.00,270.00,273.00,353.00,362.00,360.00,373.00,420.00,424.00,345.00,360.00,348.00,337.00,401.00,482.00,380.00,390.00,344.00,330.00,43.48,42.04,50.56,32.77,19.18,24.70,26.25,32.05,40.39,25.38,23.32,29.89,19.80,16.34,25.94,28.35,18.87,15.62,49.96,40.46,27.84,24.58,0.00,0.00,0.00,0.00,0.00,0.00,0.00,0.00,0.00,0.00,0.00,0.00,0.00,0.00,0.00,0.00,0.00,0.00,0.00,0.00,0.00,0.00
2016,1,oak,432.00,372.00,479.00,458.00,277.00,279.00,376.00,394.00,366.00,380.00,408.00,437.00,408.00,402.00,355.00,337.00,506.00,449.00,351.00,373.00,408.00,446.00,48.78,41.25,47.36,29.95,18.23,33.74,28.83,31.74,35.80,27.12,24.77,30.89,19.52,15.31,26.71,29.97,18.79,13.79,40.75,35.12,28.59,25.13,0.00,0.00,0.00,0.00,0.00,0.00,0.00,0.00,0.00,0.00,0.00,0.00,0.00,0.00,0.00,0.00,0.00,0.00,0.00,0.00,0.00,0.00
2016,2,oak,408.00,389.00,457.00,451.00,248.00,262.00,399.00,373.00,365.00,363.00,425.00,446.00,369.00,333.00,403.00,389.00,361.00,364.00,351.00,367.00,395.00,403.00,41.14,45.49,39.92,31.21,21.48,33.79,27.03,32.38,29.51,24.88,27.58,27.54,17.20,12.40,25.22,28.78,20.10,15.49,30.98,24.06,26.54,21.26,0.00,0.00,0.00,0.00,0.00,0.00,0.00,0.00,0.00,0.00,0.00,0.00,0.00,0.00,0.00,0.00,0.00,0.00,0.00,0.00,0.00,0.00
2016,3,oak,455.00,440.00,488.00,409.00,349.00,263.00,367.00,398.00,384.00,400.00,442.00,425.00,355.00,341.00,386.00,380.00,368.00,411.00,379.00,365.00,332.00,335.00,41.28,48.59,35.23,29.50,21.58,22.41,24.77,28.99,29.58,22.35,21.32,18.97,14.37,10.84,25.77,29.22,17.08,16.05,33.99,24.10,21.74,17.52,0.00,0.00,0.00,0.00,0.00,0.00,0.00,0.00,0.00,0.00,0.00,0.00,0.00,0.00,0.00,0.00,0.00,0.00,0.00,0.00,0.00,0.00
2016,4,oak,432.00,417.00,478.00,387.00,269.00,251.00,390.00,415.00,373.00,405.00,455.00,416.00,389.00,395.00,377.00,361.00,376.00,423.00,424.00,359.00,329.00,360.00,38.82,39.24,36.66,30.89,15.30,15.58,25.19,24.25,30.63,25.16,19.95,23.14,15.11,13.20,24.01,26.03,19.88,14.57,38.65,29.16,22.10,16.76,0.00,0.00,0.00,0.00,0.00,0.00,0.00,0.00,0.00,0.00,0.00,0.00,0.00,0.00,0.00,0.00,0.00,0.00,0.00,0.00,0.00,0.00
2017,1,oak,420.00,370.00,462.00,369.00,287.00,267.00,387.00,405.00,360.00,397.00,417.00,415.00,420.00,444.00,398.00,359.00,424.00,473.00,418.00,413.00,361.00,384.00,34.92,31.50,37.47,25.70,14.20,18.80,24.22,25.03,28.93,25.42,19.45,19.87,13.91,10.75,21.84,24.34,20.04,12.23,28.47,27.01,22.29,18.78,0.00,0.00,0.00,0.00,0.00,0.00,0.00,0.00,0.00,0.00,0.00,0.00,0.00,0.00,0.00,0.00,0.00,0.00,0.00,0.00,0.00,0.00
2017,2,oak,460.00,429.00,469.00,412.00,246.00,239.00,402.00,361.00,350.00,392.00,443.00,421.00,414.00,391.00,403.00,384.00,397.00,418.00,398.00,408.00,371.00,392.00,30.86,31.02,39.24,24.60,11.73,22.93,22.77,23.41,27.77,23.06,15.80,23.03,14.25,9.62,20.68,22.80,23.15,15.81,28.26,23.55,20.75,17.11,0.00,0.00,0.00,0.00,0.00,0.00,0.00,0.00,0.00,0.00,0.00,0.00,0.00,0.00,0.00,0.00,0.00,0.00,0.00,0.00,0.00,0.00
2017,3,oak,463.00,436.00,451.00,386.00,277.00,246.00,374.00,328.00,347.00,378.00,467.00,438.00,411.00,389.00,373.00,360.00,400.00,431.00,361.00,407.00,348.00,344.00,33.15,31.76,34.67,20.72,14.32,20.80,23.99,25.90,28.38,25.44,19.11,19.82,14.23,8.83,20.80,22.43,23.49,17.78,25.59,24.07,19.64,14.21,0.00,0.00,0.00,0.00,0.00,0.00,0.00,0.00,0.00,0.00,0.00,0.00,0.00,0.00,0.00,0.00,0.00,0.00,0.00,0.00,0.00,0.00
2017,4,oak,439.00,453.00,472.00,413.00,264.00,257.00,386.00,377.00,376.00,375.00,448.00,416.00,406.00,402.00,372.00,344.00,440.00,445.00,335.00,403.00,375.00,373.00,39.60,41.20,33.21,28.87,19.25,25.04,25.25,24.28,25.22,26.92,18.36,22.64,14.05,8.94,21.60,22.01,22.62,19.97,25.71,25.58,20.07,14.27,0.00,0.00,0.00,0.00,0.00,0.00,0.00,0.00,0.00,0.00,0.00,0.00,0.00,0.00,0.00,0.00,0.00,0.00,0.00,0.00,0.00,0.00
2018,1,oak,445.00,449.00,488.00,420.00,266.00,262.00,387.00,386.00,358.00,372.00,448.00,443.00,395.00,386.00,381.00,354.00,424.00,461.00,357.00,404.00,388.00,381.00,42.33,42.73,39.09,33.99,17.56,29.50,31.37,25.94,33.93,22.72,22.70,30.13,15.10,7.48,23.48,24.26,24.93,23.94,33.48,27.84,18.11,16.76,0.00,0.00,0.00,0.00,0.00,0.00,0.00,0.00,0.00,0.00,0.00,0.00,0.00,0.00,0.00,0.00,0.00,0.00,0.00,0.00,0.00,0.00
2018,2,oak,472.00,446.00,458.00,416.00,269.00,267.00,401.00,375.00,334.00,381.00,436.00,438.00,381.00,394.00,373.00,374.00,445.00,468.00,360.00,398.00,403.00,388.00,41.56,45.21,41.46,29.41,15.29,22.81,27.58,24.93,35.35,23.99,30.03,33.96,14.17,7.69,21.96,25.49,21.46,21.48,39.44,29.03,18.58,13.84,0.00,0.00,0.00,0.00,0.00,0.00,0.00,0.00,0.00,0.00,0.00,0.00,0.00,0.00,0.00,0.00,0.00,0.00,0.00,0.00,0.00,0.00
2018,3,oak,494.00,454.00,450.00,464.00,234.00,225.00,404.00,384.00,383.00,392.00,433.00,445.00,362.00,384.00,359.00,361.00,416.00,443.00,403.00,392.00,387.00,378.00,47.56,48.00,40.18,27.23,16.80,22.55,22.62,24.87,32.85,25.37,31.86,32.35,13.63,6.14,23.58,21.77,23.39,19.12,34.75,29.07,18.72,17.00,0.00,0.00,0.00,0.00,0.00,0.00,0.00,0.00,0.00,0.00,0.00,0.00,0.00,0.00,0.00,0.00,0.00,0.00,0.00,0.00,0.00,0.00
2018,4,oak,485.00,440.00,504.00,432.00,255.00,202.00,387.00,387.00,366.00,385.00,459.00,444.00,355.00,360.00,352.00,346.00,409.00,447.00,380.00,374.00,388.00,394.00,50.22,48.61,39.89,29.78,16.53,14.62,26.76,28.77,30.47,27.98,33.41,37.14,17.95,10.14,24.16,24.25,21.39,20.99,38.89,29.63,23.03,21.46,0.00,0.00,0.00,0.00,0.00,0.00,0.00,0.00,0.00,0.00,0.00,0.00,0.00,0.00,0.00,0.00,0.00,0.00,0.00,0.00,0.00,0.00
2019,1,oak,533.43,490.59,526.86,472.59,245.97,230.31,423.72,426.15,378.00,389.61,461.97,439.65,425.16,415.80,356.58,363.51,422.37,433.17,398.79,390.78,382.95,394.02,53.45,48.75,52.23,35.67,23.23,21.26,31.67,32.28,36.80,29.46,46.81,42.60,19.14,12.30,26.59,28.33,21.95,20.36,42.17,30.02,26.65,28.19,0.00,0.00,0.00,0.00,0.00,0.00,0.00,0.00,0.00,0.00,0.00,0.00,0.00,0.00,0.00,0.00,0.00,0.00,0.00,0.00,0.00,0.00
2019,2,oak,478.00,481.00,541.00,494.00,250.00,243.00,425.00,406.00,356.00,389.00,456.00,444.00,383.00,396.00,334.00,350.00,458.00,470.00,413.00,457.00,367.00,386.00,59.16,50.80,57.09,35.15,22.06,21.91,26.86,31.18,42.99,30.61,52.54,51.32,18.59,10.94,25.77,31.70,19.44,20.32,50.35,40.31,22.55,20.62,0.00,0.00,0.00,0.00,0.00,0.00,0.00,0.00,0.00,0.00,0.00,0.00,0.00,0.00,0.00,0.00,0.00,0.00,0.00,0.00,0.00,0.00
2019,3,oak,477.00,525.00,480.00,484.00,222.00,257.00,442.00,427.00,389.00,390.00,446.00,463.00,394.00,394.00,309.00,327.00,399.00,436.00,413.00,422.00,435.00,438.00,56.29,54.00,52.13,35.75,18.67,19.49,25.49,30.21,48.85,30.92,49.72,42.17,17.29,14.81,25.33,28.78,17.13,16.53,52.83,40.27,20.20,18.45,0.00,0.00,0.00,0.00,0.00,0.00,0.00,0.00,0.00,0.00,0.00,0.00,0.00,0.00,0.00,0.00,0.00,0.00,0.00,0.00,0.00,0.00
2019,4,oak,462.00,478.00,503.00,503.00,249.00,255.00,394.00,368.00,413.00,402.00,453.00,443.00,354.00,337.00,306.00,318.00,385.00,456.00,460.00,428.00,390.00,388.00,46.17,40.75,35.44,30.23,22.36,25.96,24.74,28.15,40.20,26.07,35.84,29.06,17.71,18.30,24.06,26.94,20.28,16.33,48.35,40.76,23.10,21.81,0.00,0.00,0.00,0.00,0.00,0.00,0.00,0.00,0.00,0.00,0.00,0.00,0.00,0.00,0.00,0.00,0.00,0.00,0.00,0.00,0.00,0.00
2020,1,oak,429.00,429.00,428.00,420.00,248.00,247.00,383.00,382.00,396.00,400.00,409.00,423.00,326.00,321.00,322.00,313.00,419.00,447.00,447.00,416.00,433.00,408.00,43.87,38.37,25.67,24.22,21.12,26.49,25.36,24.32,32.60,28.25,32.15,30.49,17.16,11.91,23.52,26.94,17.39,13.66,48.17,25.36,20.83,19.17,0.00,0.00,0.00,0.00,0.00,0.00,0.00,0.00,0.00,0.00,0.00,0.00,0.00,0.00,0.00,0.00,0.00,0.00,0.00,0.00,0.00,0.00
2020,2,oak,430.00,431.00,354.00,387.00,284.00,265.00,369.00,360.00,357.00,377.00,421.00,449.00,340.00,329.00,307.00,316.00,360.00,449.00,425.00,394.00,431.00,427.00,45.65,30.74,23.72,23.97,19.78,23.78,22.04,25.44,24.36,24.57,31.99,25.28,16.83,21.03,23.32,25.68,16.14,14.88,34.96,20.93,15.49,19.32,0.00,0.00,0.00,0.00,0.00,0.00,0.00,0.00,0.00,0.00,0.00,0.00,0.00,0.00,0.00,0.00,0.00,0.00,0.00,0.00,0.00,0.00
2020,3,oak,,,,,,,,,,,,,,,,,,,,,,,,,,,,,,,,,,,,,,,,,,,,,0.00,0.00,0.00,0.00,0.00,0.00,0.00,0.00,0.00,0.00,0.00,0.00,0.00,0.00,0.00,0.00,0.00,0.00,0.00,0.00,0.00,0.00
2020,4,oak,,,,,,,,,,,,,,,,,,,,,,,,,,,,,,,,,,,,,,,,,,,,,0.00,0.00,0.00,0.00,0.00,0.00,0.00,0.00,0.00,0.00,0.00,0.00,0.00,0.00,0.00,0.00,0.00,0.00,0.00,0.00,0.00,0.00
2021,1,oak,432.00,415.00,489.00,432.00,266.00,,369.00,392.00,358.00,382.00,399.00,320.00,403.00,308.00,275.00,310.00,404.00,543.00,388.00,356.00,412.00,435.00,39.75,33.85,20.98,18.11,20.55,28.52,26.84,30.15,21.03,22.77,25.76,20.81,19.78,25.86,36.60,39.05,15.31,10.62,23.96,13.53,20.54,35.85,0.00,0.00,0.00,0.00,0.00,0.00,0.00,0.00,0.00,0.00,0.00,0.00,0.00,0.00,0.00,0.00,0.00,0.00,0.00,0.00,0.00,0.00
2021,2,oak,449.00,397.00,481.00,444.00,232.00,215.00,399.00,397.00,377.00,382.00,400.00,336.00,492.00,410.00,300.00,311.00,386.00,547.00,379.00,337.00,418.00,409.00,37.73,40.44,22.83,21.19,22.25,28.19,24.04,27.41,26.06,24.78,24.85,19.68,15.69,20.49,34.05,29.66,14.56,11.91,24.26,11.99,21.09,25.73,0.00,0.00,0.00,0.00,0.00,0.00,0.00,0.00,0.00,0.00,0.00,0.00,0.00,0.00,0.00,0.00,0.00,0.00,0.00,0.00,0.00,0.00
