year,quarter,sawal1,sawal2,sawar1,sawar2,sawfl1,sawfl2,sawga1,sawga2,sawla1,sawla2,sawms1,sawms2,sawnc1,sawnc2,sawsc1,sawsc2,sawtn1,sawtn2,sawtx1,sawtx2,sawva1,sawva2,plpal1,plpal2,plpar1,plpar2,plpfl1,plpfl2,plpga1,plpga2,plpla1,plpla2,plpms1,plpms2,plpnc1,plpnc2,plpsc1,plpsc2,plptn1,plptn2,plptx1,plptx2,plpva1,plpva2,preal1,preal2,prear1,prear2,prefl1,prefl2,prega1,prega2,prela1,prela2,prems1,prems2,prenc1,prenc2,presc1,presc2,pretn1,pretn2,pretx1,pretx2,preva1,preva2,,
2001,1,353.00,349.00,249.00,331.00,84.00,137.00,236.00,264.00,234.00,355.00,346.00,331.00,309.00,230.00,242.00,212.00,259.00,376.00,204.00,186.00,282.00,201.00,15.25,18.26,15.17,7.98,9.31,12.85,14.37,19.52,13.30,18.37,14.07,13.34,11.53,9.06,15.88,18.63,9.16,6.53,22.66,13.24,8.70,6.39,0.00,0.00,0.00,0.00,0.00,0.00,0.00,0.00,0.00,0.00,0.00,0.00,0.00,0.00,0.00,0.00,0.00,0.00,0.00,0.00,0.00,0.00,,
2001,2,272.00,376.00,408.00,263.00,95.00,130.00,212.00,254.00,318.00,359.00,338.00,268.00,277.00,238.00,241.00,249.00,245.00,350.00,169.00,206.00,302.00,269.00,17.72,24.51,20.10,10.47,14.08,15.15,15.53,21.94,15.70,16.24,18.71,13.67,11.96,6.68,16.53,19.31,8.77,8.48,20.00,13.41,7.93,6.64,0.00,0.00,0.00,0.00,0.00,0.00,0.00,0.00,0.00,0.00,0.00,0.00,0.00,0.00,0.00,0.00,0.00,0.00,0.00,0.00,0.00,0.00,,
2001,3,302.00,384.00,346.00,265.00,102.00,143.00,252.00,267.00,291.00,370.00,319.00,336.00,249.00,280.00,271.00,234.00,234.00,313.00,196.00,257.00,302.00,246.00,19.34,22.17,20.33,10.60,14.28,17.60,14.86,21.23,15.28,18.85,15.15,14.28,10.35,11.09,17.33,20.26,9.93,13.18,14.53,13.40,10.18,7.50,0.00,0.00,0.00,0.00,0.00,0.00,0.00,0.00,0.00,0.00,0.00,0.00,0.00,0.00,0.00,0.00,0.00,0.00,0.00,0.00,0.00,0.00,,
2001,4,300.00,357.00,339.00,257.00,100.00,143.00,217.00,239.00,278.00,359.00,321.00,341.00,304.00,313.00,254.00,233.00,226.00,357.00,189.00,252.00,354.00,270.00,16.97,23.88,17.73,10.03,10.95,15.25,15.11,22.92,16.99,16.17,16.92,12.82,11.72,8.66,19.08,19.71,9.73,12.73,20.82,11.40,10.37,9.18,0.00,0.00,0.00,0.00,0.00,0.00,0.00,0.00,0.00,0.00,0.00,0.00,0.00,0.00,0.00,0.00,0.00,0.00,0.00,0.00,0.00,0.00,,
2002,1,362.00,323.00,325.00,259.00,107.00,141.00,202.00,273.00,249.00,328.00,281.00,313.00,327.00,225.00,252.00,238.00,232.00,375.00,203.00,236.00,290.00,283.00,20.74,23.84,17.55,13.92,13.35,14.28,15.09,20.88,12.56,14.14,19.69,12.25,13.49,8.98,16.89,19.49,9.43,11.60,16.50,13.20,8.47,6.44,0.00,0.00,0.00,0.00,0.00,0.00,0.00,0.00,0.00,0.00,0.00,0.00,0.00,0.00,0.00,0.00,0.00,0.00,0.00,0.00,0.00,0.00,,
2002,2,366.00,291.00,269.00,254.00,109.00,147.00,150.00,175.00,269.00,299.00,329.00,288.00,249.00,157.00,314.00,255.00,212.00,381.00,168.00,223.00,186.00,247.00,17.91,19.68,18.18,11.96,10.47,15.96,14.36,21.26,13.24,13.92,9.96,12.41,14.07,5.95,15.56,18.01,11.53,10.80,19.14,12.70,9.40,6.57,0.00,0.00,0.00,0.00,0.00,0.00,0.00,0.00,0.00,0.00,0.00,0.00,0.00,0.00,0.00,0.00,0.00,0.00,0.00,0.00,0.00,0.00,,
2002,3,291.00,364.00,330.00,263.00,109.00,142.00,175.00,223.00,318.00,299.00,281.00,319.00,336.00,277.00,290.00,253.00,203.00,302.00,172.00,188.00,218.00,233.00,18.56,19.95,15.24,11.60,11.61,18.30,16.85,19.56,15.04,15.08,10.03,12.89,14.92,6.61,14.66,17.01,12.67,7.32,15.44,12.50,7.15,8.34,0.00,0.00,0.00,0.00,0.00,0.00,0.00,0.00,0.00,0.00,0.00,0.00,0.00,0.00,0.00,0.00,0.00,0.00,0.00,0.00,0.00,0.00,,
2002,4,284.00,337.00,329.00,263.00,110.00,149.00,241.00,302.00,275.00,287.00,282.00,323.00,284.00,317.00,299.00,286.00,221.00,277.00,169.00,189.00,282.00,257.00,21.24,24.26,14.49,11.47,11.53,19.04,18.60,22.10,21.59,18.63,17.98,14.67,12.67,9.24,16.99,18.13,14.50,10.63,15.95,12.99,11.60,9.99,0.00,0.00,0.00,0.00,0.00,0.00,0.00,0.00,0.00,0.00,0.00,0.00,0.00,0.00,0.00,0.00,0.00,0.00,0.00,0.00,0.00,0.00,,
2003,1,370.00,387.00,331.00,267.00,149.00,158.00,328.00,313.00,249.00,284.00,301.00,303.00,268.00,261.00,273.00,271.00,326.00,358.00,225.00,184.00,263.00,245.00,26.11,34.19,14.96,11.60,15.14,18.60,19.87,28.83,18.72,18.85,25.59,19.07,18.95,21.65,19.39,21.78,19.50,20.24,15.95,15.27,15.53,11.46,0.00,0.00,0.00,0.00,0.00,0.00,0.00,0.00,0.00,0.00,0.00,0.00,0.00,0.00,0.00,0.00,0.00,0.00,0.00,0.00,0.00,0.00,,
2003,2,347.00,390.00,371.00,398.00,149.00,143.00,257.00,305.00,348.00,318.00,298.00,322.00,287.00,272.00,309.00,262.00,308.00,306.00,173.00,184.00,267.00,204.00,26.52,31.39,18.91,20.30,16.94,20.36,20.00,26.07,20.24,20.39,22.30,18.27,16.30,10.05,20.98,21.43,13.40,14.33,16.82,15.60,14.14,9.43,0.00,0.00,0.00,0.00,0.00,0.00,0.00,0.00,0.00,0.00,0.00,0.00,0.00,0.00,0.00,0.00,0.00,0.00,0.00,0.00,0.00,0.00,,
2003,3,371.00,371.00,336.00,337.00,149.00,155.00,321.00,348.00,295.00,387.00,305.00,271.00,358.00,291.00,242.00,276.00,242.00,201.00,267.00,188.00,278.00,267.00,32.47,38.21,17.84,13.05,23.69,20.49,23.58,29.97,21.82,20.30,33.15,22.26,14.66,9.87,24.87,29.30,12.06,17.40,22.48,15.94,14.50,11.67,0.00,0.00,0.00,0.00,0.00,0.00,0.00,0.00,0.00,0.00,0.00,0.00,0.00,0.00,0.00,0.00,0.00,0.00,0.00,0.00,0.00,0.00,,
2003,4,424.00,379.00,365.00,337.00,,144.00,321.00,321.00,300.00,373.00,331.00,349.00,348.00,308.00,282.00,312.00,337.00,201.00,240.00,181.00,246.00,336.00,31.57,40.02,17.34,10.88,18.76,28.49,32.31,36.21,16.08,14.37,25.85,23.55,16.99,11.18,22.53,25.69,18.85,18.85,25.38,15.36,8.70,7.80,0.00,0.00,0.00,0.00,0.00,0.00,0.00,0.00,0.00,0.00,0.00,0.00,0.00,0.00,0.00,0.00,0.00,0.00,0.00,0.00,0.00,0.00,,
2004,1,352.00,342.00,361.00,341.00,,162.00,297.00,304.00,256.00,362.00,337.00,347.00,370.00,317.00,337.00,335.00,333.00,333.00,226.00,188.00,311.00,296.00,25.62,32.18,19.72,10.15,21.78,22.01,25.45,28.65,21.72,10.01,21.66,18.69,17.15,9.15,21.90,27.85,18.85,18.85,26.10,17.44,15.04,11.44,0.00,0.00,0.00,0.00,0.00,0.00,0.00,0.00,0.00,0.00,0.00,0.00,0.00,0.00,0.00,0.00,0.00,0.00,0.00,0.00,0.00,0.00,,
2004,2,388.00,374.00,370.00,341.00,,166.00,256.00,318.00,291.00,287.00,278.00,318.00,257.00,270.00,312.00,328.00,289.00,321.00,,223.00,282.00,173.00,20.59,25.90,19.97,13.78,20.21,17.11,18.04,21.29,18.02,11.60,13.43,11.64,14.67,10.35,20.24,20.30,12.60,17.40,14.50,13.75,6.45,4.44,0.00,0.00,0.00,0.00,0.00,0.00,0.00,0.00,0.00,0.00,0.00,0.00,0.00,0.00,0.00,0.00,0.00,0.00,0.00,0.00,0.00,0.00,,
2004,3,395.00,345.00,393.00,337.00,,179.00,261.00,308.00,327.00,284.00,355.00,357.00,288.00,300.00,318.00,294.00,299.00,438.00,251.00,284.00,208.00,265.00,16.40,24.39,14.86,8.70,21.43,17.30,14.18,19.81,17.63,14.88,18.20,18.21,15.09,8.73,21.01,21.27,11.35,14.50,18.56,14.98,9.73,7.77,0.00,0.00,0.00,0.00,0.00,0.00,0.00,0.00,0.00,0.00,0.00,0.00,0.00,0.00,0.00,0.00,0.00,0.00,0.00,0.00,0.00,0.00,,
2004,4,368.00,299.00,371.00,306.00,,179.00,260.00,280.00,381.00,261.00,327.00,292.00,268.00,281.00,279.00,322.00,300.00,416.00,345.00,319.00,371.00,304.00,22.94,21.07,22.37,10.15,15.17,15.47,23.21,25.74,17.50,12.98,18.76,15.67,14.78,6.28,21.90,21.11,10.15,13.05,24.65,15.47,8.63,14.86,0.00,0.00,0.00,0.00,0.00,0.00,0.00,0.00,0.00,0.00,0.00,0.00,0.00,0.00,0.00,0.00,0.00,0.00,0.00,0.00,0.00,0.00,,
2005,1,351.00,367.00,389.00,306.00,,166.00,256.00,304.00,295.00,350.00,335.00,273.00,267.00,275.00,307.00,336.00,269.00,322.00,198.00,350.00,326.00,264.00,27.70,24.68,29.20,13.05,18.18,18.28,27.75,25.24,24.23,15.59,21.81,15.05,11.44,9.56,19.49,24.66,16.68,17.33,29.36,22.11,7.79,6.90,0.00,0.00,0.00,0.00,0.00,0.00,0.00,0.00,0.00,0.00,0.00,0.00,0.00,0.00,0.00,0.00,0.00,0.00,0.00,0.00,0.00,0.00,,
2005,2,320.00,339.00,327.00,306.00,,,290.00,295.00,323.00,297.00,375.00,266.00,327.00,260.00,279.00,290.00,202.00,296.00,385.00,385.00,237.00,226.00,25.52,24.33,40.46,14.50,20.71,20.42,20.58,25.03,24.59,15.28,27.71,21.68,11.77,9.28,21.72,25.96,10.74,13.56,37.29,21.04,9.06,7.03,0.00,0.00,0.00,0.00,0.00,0.00,0.00,0.00,0.00,0.00,0.00,0.00,0.00,0.00,0.00,0.00,0.00,0.00,0.00,0.00,0.00,0.00,,
2005,3,312.00,305.00,322.00,306.00,,,284.00,286.00,364.00,282.00,372.00,361.00,387.00,271.00,316.00,327.00,249.00,326.00,330.00,276.00,271.00,227.00,25.64,27.49,31.29,15.95,24.98,25.61,22.37,26.55,29.20,15.78,22.05,19.33,15.01,9.09,22.75,28.09,13.05,18.85,31.38,21.62,8.86,5.60,0.00,0.00,0.00,0.00,0.00,0.00,0.00,0.00,0.00,0.00,0.00,0.00,0.00,0.00,0.00,0.00,0.00,0.00,0.00,0.00,0.00,0.00,,
2005,4,322.00,290.00,311.00,306.00,328.00,,284.00,263.00,321.00,287.00,380.00,363.00,274.00,297.00,283.00,270.00,305.00,324.00,274.00,276.00,294.00,216.00,23.91,23.97,25.88,10.15,21.78,19.40,25.75,27.81,22.29,11.05,18.33,16.68,14.73,9.77,22.30,29.00,11.60,13.05,20.88,14.70,8.29,9.31,0.00,0.00,0.00,0.00,0.00,0.00,0.00,0.00,0.00,0.00,0.00,0.00,0.00,0.00,0.00,0.00,0.00,0.00,0.00,0.00,0.00,0.00,,
2006,1,292.00,313.00,281.00,267.00,162.00,158.00,214.00,263.00,265.00,325.00,349.00,271.00,328.00,325.00,307.00,288.00,311.00,337.00,265.00,263.00,262.00,219.00,21.46,25.16,24.94,11.60,19.55,18.49,20.53,30.68,23.55,19.58,22.59,17.14,18.68,14.08,24.91,28.58,14.50,13.78,19.53,14.92,8.96,6.92,0.00,0.00,0.00,0.00,0.00,0.00,0.00,0.00,0.00,0.00,0.00,0.00,0.00,0.00,0.00,0.00,0.00,0.00,0.00,0.00,0.00,0.00,,
2006,2,274.00,272.00,279.00,276.00,153.00,166.00,269.00,252.00,289.00,289.00,273.00,306.00,303.00,307.00,273.00,300.00,245.00,350.00,201.00,214.00,251.00,266.00,17.18,23.49,23.06,8.70,14.33,15.98,18.73,24.03,22.26,16.31,16.49,15.20,9.12,8.02,21.58,28.07,16.68,5.00,15.52,10.08,8.15,6.60,0.00,0.00,0.00,0.00,0.00,0.00,0.00,0.00,0.00,0.00,0.00,0.00,0.00,0.00,0.00,0.00,0.00,0.00,0.00,0.00,0.00,0.00,,
2006,3,230.00,261.00,266.00,271.00,153.00,166.00,273.00,264.00,257.00,249.00,253.00,283.00,273.00,296.00,296.00,270.00,245.00,279.00,173.00,195.00,224.00,237.00,14.95,18.21,23.35,10.15,19.26,17.04,16.21,20.34,20.01,15.83,12.34,12.96,12.64,8.54,21.27,24.04,13.05,14.86,18.42,13.49,8.70,7.31,0.00,0.00,0.00,0.00,0.00,0.00,0.00,0.00,0.00,0.00,0.00,0.00,0.00,0.00,0.00,0.00,0.00,0.00,0.00,0.00,0.00,0.00,,
2006,4,287.00,279.00,263.00,241.00,158.00,150.00,242.00,247.00,236.00,300.00,313.00,372.00,305.00,299.00,302.00,294.00,269.00,287.00,186.00,,239.00,302.00,16.34,18.62,26.40,11.60,17.82,12.25,17.84,21.61,27.88,16.17,14.37,14.14,14.62,10.38,24.56,23.26,18.98,15.47,26.29,14.40,9.40,9.67,0.00,0.00,0.00,0.00,0.00,0.00,0.00,0.00,0.00,0.00,0.00,0.00,0.00,0.00,0.00,0.00,0.00,0.00,0.00,0.00,0.00,0.00,,
2007,1,275.00,315.00,363.00,245.00,136.00,158.00,327.00,251.00,256.00,353.00,229.00,307.00,269.00,342.00,293.00,296.00,292.00,307.00,226.00,,291.00,320.00,20.47,21.11,31.41,10.88,12.48,12.11,20.42,21.07,25.92,22.40,20.53,16.14,15.99,14.04,22.87,25.30,17.62,13.50,29.34,17.49,13.18,10.94,0.00,0.00,0.00,0.00,0.00,0.00,0.00,0.00,0.00,0.00,0.00,0.00,0.00,0.00,0.00,0.00,0.00,0.00,0.00,0.00,0.00,0.00,,
2007,2,260.00,313.00,377.00,315.00,127.00,142.00,245.00,248.00,288.00,328.00,263.00,271.00,245.00,285.00,293.00,280.00,283.00,413.00,238.00,255.00,310.00,291.00,17.92,19.17,32.81,10.88,14.56,15.72,17.52,22.07,22.88,17.95,15.96,14.86,12.88,11.74,22.01,24.85,12.89,12.99,28.94,15.44,8.70,8.31,0.00,0.00,0.00,0.00,0.00,0.00,0.00,0.00,0.00,0.00,0.00,0.00,0.00,0.00,0.00,0.00,0.00,0.00,0.00,0.00,0.00,0.00,,
2007,3,259.00,308.00,357.00,298.00,131.00,138.00,236.00,270.00,270.00,273.00,271.00,253.00,272.00,301.00,281.00,284.00,266.00,251.00,173.00,,243.00,209.00,20.55,16.79,34.21,28.28,19.50,14.51,23.07,21.56,30.44,18.34,11.73,17.62,22.75,14.15,21.87,22.82,15.41,14.88,40.76,22.62,10.15,17.40,0.00,0.00,0.00,0.00,0.00,0.00,0.00,0.00,0.00,0.00,0.00,0.00,0.00,0.00,0.00,0.00,0.00,0.00,0.00,0.00,0.00,0.00,,
2007,4,291.00,266.00,409.00,225.00,131.00,127.00,287.00,275.00,423.00,315.00,291.00,292.00,286.00,299.00,304.00,266.00,277.00,329.00,255.00,,272.00,233.00,14.60,18.17,41.09,22.43,16.61,14.77,22.36,23.34,25.07,14.20,18.32,13.43,12.87,11.38,22.35,23.21,21.32,12.33,42.27,27.50,9.39,9.43,0.00,0.00,0.00,0.00,0.00,0.00,0.00,0.00,0.00,0.00,0.00,0.00,0.00,0.00,0.00,0.00,0.00,0.00,0.00,0.00,0.00,0.00,,
2008,1,259.00,320.00,318.00,238.00,,,238.00,248.00,261.00,234.00,258.00,297.00,246.00,286.00,283.00,310.00,322.00,342.00,203.00,,248.00,304.00,19.22,19.02,45.49,19.94,13.95,14.58,18.09,21.11,36.31,16.43,21.12,15.37,11.95,12.90,20.13,22.74,21.57,17.98,36.54,20.82,8.26,8.06,0.00,0.00,0.00,0.00,0.00,0.00,0.00,0.00,0.00,0.00,0.00,0.00,0.00,0.00,0.00,0.00,0.00,0.00,0.00,0.00,0.00,0.00,,
2008,2,314.00,294.00,311.00,210.00,,,240.00,252.00,226.00,255.00,321.00,292.00,265.00,288.00,298.00,342.00,279.00,318.00,203.00,193.00,234.00,301.00,29.69,22.60,25.54,15.23,18.49,16.02,17.53,19.93,25.72,19.32,21.27,17.99,18.37,14.03,19.33,21.43,13.68,21.75,27.54,17.81,7.14,9.79,0.00,0.00,0.00,0.00,0.00,0.00,0.00,0.00,0.00,0.00,0.00,0.00,0.00,0.00,0.00,0.00,0.00,0.00,0.00,0.00,0.00,0.00,,
2008,3,331.00,266.00,318.00,333.00,152.00,139.00,257.00,259.00,240.00,195.00,313.00,351.00,320.00,282.00,283.00,264.00,313.00,315.00,211.00,217.00,221.00,264.00,25.79,25.76,38.38,32.55,20.41,16.75,22.09,20.85,31.02,32.98,22.21,18.76,15.18,12.36,20.30,21.82,15.94,21.48,37.88,25.43,8.14,11.28,0.00,0.00,0.00,0.00,0.00,0.00,0.00,0.00,0.00,0.00,0.00,0.00,0.00,0.00,0.00,0.00,0.00,0.00,0.00,0.00,0.00,0.00,,
2008,4,253.00,305.00,309.00,256.00,125.00,122.00,225.00,256.00,220.00,210.00,303.00,408.00,254.00,268.00,261.00,276.00,256.00,299.00,234.00,257.00,216.00,270.00,30.15,28.23,49.39,24.09,18.22,17.65,25.96,23.67,32.44,27.27,26.77,30.56,19.36,21.41,28.16,27.64,18.13,19.00,36.28,17.30,9.25,16.80,0.00,0.00,0.00,0.00,0.00,0.00,0.00,0.00,0.00,0.00,0.00,0.00,0.00,0.00,0.00,0.00,0.00,0.00,0.00,0.00,0.00,0.00,,
2009,1,258.00,278.00,300.00,213.00,139.00,118.00,177.00,236.00,264.00,205.00,247.00,351.00,251.00,253.00,223.00,232.00,190.00,287.00,210.00,274.00,229.00,235.00,27.50,24.61,44.57,23.52,17.00,17.21,18.27,20.76,30.59,21.81,35.67,28.47,14.51,20.38,26.59,25.80,15.50,18.90,30.58,21.30,10.28,10.39,0.00,0.00,0.00,0.00,0.00,0.00,0.00,0.00,0.00,0.00,0.00,0.00,0.00,0.00,0.00,0.00,0.00,0.00,0.00,0.00,0.00,0.00,,
2009,2,293.00,277.00,285.00,203.00,109.00,98.00,180.00,243.00,216.00,220.00,278.00,318.00,240.00,233.00,210.00,229.00,186.00,283.00,192.00,279.00,199.00,249.00,24.69,24.95,39.71,25.96,16.74,14.44,16.87,21.79,37.31,15.98,24.82,18.17,9.93,13.25,24.33,24.68,16.44,18.25,29.84,15.32,9.08,8.10,0.00,0.00,0.00,0.00,0.00,0.00,0.00,0.00,0.00,0.00,0.00,0.00,0.00,0.00,0.00,0.00,0.00,0.00,0.00,0.00,0.00,0.00,,
2009,3,247.00,243.00,263.00,209.00,111.00,106.00,236.00,280.00,252.00,243.00,283.00,327.00,227.00,251.00,214.00,232.00,215.00,352.00,179.00,244.00,219.00,249.00,27.71,26.29,35.50,26.98,19.80,17.23,15.87,23.52,29.34,26.69,24.08,24.59,14.58,10.58,24.09,26.11,19.43,22.02,26.66,12.55,10.66,10.73,0.00,0.00,0.00,0.00,0.00,0.00,0.00,0.00,0.00,0.00,0.00,0.00,0.00,0.00,0.00,0.00,0.00,0.00,0.00,0.00,0.00,0.00,,
2009,4,276.00,266.00,267.00,,,,239.00,290.00,255.00,266.00,286.00,280.00,268.00,281.00,216.00,229.00,196.00,248.00,175.00,,185.00,280.00,38.28,35.90,29.28,24.51,20.71,19.74,24.46,24.44,29.65,20.38,34.45,29.56,16.74,13.51,25.89,27.86,22.76,28.57,34.36,16.20,9.52,12.09,0.00,0.00,0.00,0.00,0.00,0.00,0.00,0.00,0.00,0.00,0.00,0.00,0.00,0.00,0.00,0.00,0.00,0.00,0.00,0.00,0.00,0.00,,
2010,1,270.00,234.00,271.00,206.00,114.00,118.00,273.00,329.00,214.00,258.00,270.00,280.00,310.00,326.00,262.00,337.00,230.00,255.00,188.00,234.00,214.00,310.00,46.02,45.89,62.32,40.04,20.63,28.12,37.09,36.27,44.03,34.43,51.92,52.90,20.45,22.54,32.57,33.75,19.47,37.02,48.71,34.90,10.68,17.48,0.00,0.00,0.00,0.00,0.00,0.00,0.00,0.00,0.00,0.00,0.00,0.00,0.00,0.00,0.00,0.00,0.00,0.00,0.00,0.00,0.00,0.00,,
2010,2,263.00,254.00,327.00,211.00,114.00,107.00,337.00,328.00,232.00,255.00,291.00,283.00,315.00,426.00,281.00,281.00,245.00,377.00,244.00,226.00,213.00,315.00,33.90,41.93,54.76,32.53,19.26,18.63,35.32,33.14,39.32,31.86,31.90,49.78,17.49,18.19,32.13,28.78,18.49,28.79,44.69,32.30,9.36,10.78,0.00,0.00,0.00,0.00,0.00,0.00,0.00,0.00,0.00,0.00,0.00,0.00,0.00,0.00,0.00,0.00,0.00,0.00,0.00,0.00,0.00,0.00,,
2010,3,304.00,293.00,302.00,264.00,120.00,118.00,296.00,306.00,240.00,276.00,294.00,321.00,246.00,365.00,283.00,319.00,274.00,360.00,223.00,256.00,260.00,282.00,25.44,33.81,34.01,24.31,20.85,18.02,28.61,30.59,23.00,23.15,18.10,18.13,16.13,15.53,28.49,27.22,19.16,21.26,21.43,19.56,10.14,10.84,0.00,0.00,0.00,0.00,0.00,0.00,0.00,0.00,0.00,0.00,0.00,0.00,0.00,0.00,0.00,0.00,0.00,0.00,0.00,0.00,0.00,0.00,,
2010,4,276.00,286.00,303.00,270.00,156.00,117.00,281.00,349.00,265.00,323.00,288.00,307.00,251.00,298.00,274.00,278.00,228.00,352.00,207.00,225.00,251.00,274.00,23.45,29.48,34.82,21.80,22.40,17.43,26.81,26.71,22.30,21.01,19.63,19.32,15.96,8.93,22.11,26.88,15.98,20.28,27.13,22.39,13.56,13.97,0.00,0.00,0.00,0.00,0.00,0.00,0.00,0.00,0.00,0.00,0.00,0.00,0.00,0.00,0.00,0.00,0.00,0.00,0.00,0.00,0.00,0.00,,
2011,1,251.00,280.00,288.00,277.00,,,296.00,298.00,216.00,310.00,295.00,298.00,310.00,300.00,255.00,254.00,254.00,315.00,209.00,255.00,238.00,252.00,23.19,30.44,35.14,23.44,20.83,20.23,25.09,23.76,22.43,21.67,14.98,20.69,21.31,15.13,24.74,24.87,18.59,15.77,23.86,18.95,13.47,11.35,0.00,0.00,0.00,0.00,0.00,0.00,0.00,0.00,0.00,0.00,0.00,0.00,0.00,0.00,0.00,0.00,0.00,0.00,0.00,0.00,0.00,0.00,,
2011,2,255.00,250.00,303.00,288.00,172.00,146.00,266.00,293.00,243.00,299.00,313.00,288.00,276.00,294.00,295.00,266.00,251.00,286.00,198.00,259.00,262.00,275.00,24.61,26.24,27.35,25.74,22.42,16.50,17.13,23.69,19.70,18.03,20.87,17.92,15.77,13.89,22.87,22.95,13.67,18.29,19.80,14.45,15.61,10.67,0.00,0.00,0.00,0.00,0.00,0.00,0.00,0.00,0.00,0.00,0.00,0.00,0.00,0.00,0.00,0.00,0.00,0.00,0.00,0.00,0.00,0.00,,
2011,3,259.00,247.00,285.00,256.00,143.00,151.00,239.00,316.00,251.00,299.00,322.00,308.00,307.00,293.00,276.00,245.00,239.00,318.00,184.00,258.00,258.00,281.00,21.11,24.74,25.23,18.90,19.99,17.54,19.83,22.75,20.13,14.39,16.60,13.78,17.20,13.37,21.34,25.26,16.70,20.34,20.76,16.30,14.32,13.31,0.00,0.00,0.00,0.00,0.00,0.00,0.00,0.00,0.00,0.00,0.00,0.00,0.00,0.00,0.00,0.00,0.00,0.00,0.00,0.00,0.00,0.00,,
2011,4,264.00,262.00,317.00,307.00,164.00,157.00,282.00,305.00,285.00,296.00,311.00,311.00,259.00,300.00,276.00,259.00,256.00,299.00,214.00,256.00,253.00,265.00,20.45,27.70,28.67,18.15,18.06,16.73,19.82,21.88,22.25,17.39,18.46,17.30,13.28,11.32,19.44,22.79,15.22,17.12,23.65,17.29,11.59,10.43,0.00,0.00,0.00,0.00,0.00,0.00,0.00,0.00,0.00,0.00,0.00,0.00,0.00,0.00,0.00,0.00,0.00,0.00,0.00,0.00,0.00,0.00,,
2012,1,260.00,288.00,324.00,305.00,137.00,133.00,249.00,293.00,242.00,328.00,319.00,287.00,268.00,283.00,289.00,267.00,246.00,288.00,218.00,275.00,275.00,287.00,21.62,28.02,37.01,15.74,15.23,19.26,19.90,19.57,28.06,20.78,19.45,21.67,12.65,13.78,19.68,21.66,15.51,17.73,32.54,22.55,13.05,7.87,0.00,0.00,0.00,0.00,0.00,0.00,0.00,0.00,0.00,0.00,0.00,0.00,0.00,0.00,0.00,0.00,0.00,0.00,0.00,0.00,0.00,0.00,,
2012,2,280.00,322.00,317.00,289.00,141.00,127.00,267.00,299.00,255.00,326.00,342.00,320.00,297.00,302.00,298.00,275.00,252.00,306.00,265.00,315.00,275.00,290.00,22.35,27.60,41.94,16.00,12.33,13.06,15.95,21.39,37.79,24.29,28.04,23.64,11.10,9.32,18.47,22.55,13.97,17.79,41.08,24.92,12.47,9.59,0.00,0.00,0.00,0.00,0.00,0.00,0.00,0.00,0.00,0.00,0.00,0.00,0.00,0.00,0.00,0.00,0.00,0.00,0.00,0.00,0.00,0.00,,
2012,3,271.00,322.00,328.00,303.00,152.00,145.00,231.00,297.00,257.00,324.00,332.00,324.00,274.00,283.00,288.00,295.00,238.00,321.00,254.00,302.00,309.00,271.00,20.95,27.34,35.41,19.75,14.85,14.73,15.73,20.24,29.68,26.58,27.11,25.29,13.02,8.67,22.39,25.20,14.91,17.76,38.43,22.61,11.56,11.63,0.00,0.00,0.00,0.00,0.00,0.00,0.00,0.00,0.00,0.00,0.00,0.00,0.00,0.00,0.00,0.00,0.00,0.00,0.00,0.00,0.00,0.00,,
2012,4,329.00,305.00,307.00,316.00,151.00,147.00,239.00,326.00,257.00,309.00,328.00,350.00,284.00,299.00,279.00,290.00,250.00,322.00,255.00,311.00,268.00,287.00,32.83,33.21,38.95,18.76,17.49,24.32,16.62,25.19,31.68,26.57,31.92,30.27,12.40,11.18,20.13,24.63,20.26,20.36,34.35,21.61,15.04,10.79,0.00,0.00,0.00,0.00,0.00,0.00,0.00,0.00,0.00,0.00,0.00,0.00,0.00,0.00,0.00,0.00,0.00,0.00,0.00,0.00,0.00,0.00,,
2013,1,360.00,315.00,340.00,245.00,149.00,156.00,266.00,351.00,262.00,314.00,309.00,357.00,341.00,298.00,307.00,304.00,279.00,324.00,219.00,285.00,263.00,247.00,32.57,35.95,39.24,16.30,15.30,24.87,18.22,22.84,38.08,27.15,32.34,30.73,12.24,13.07,20.78,23.70,15.57,23.30,27.36,20.75,12.36,10.54,0.00,0.00,0.00,0.00,0.00,0.00,0.00,0.00,0.00,0.00,0.00,0.00,0.00,0.00,0.00,0.00,0.00,0.00,0.00,0.00,0.00,0.00,,
2013,2,349.00,311.00,367.00,303.00,143.00,147.00,268.00,328.00,285.00,313.00,314.00,357.00,326.00,350.00,319.00,323.00,294.00,329.00,229.00,285.00,290.00,253.00,35.63,33.71,41.11,13.75,17.04,19.91,19.29,23.58,28.58,32.53,33.30,31.96,12.91,12.79,21.87,25.00,18.56,21.58,27.28,19.95,14.71,15.68,0.00,0.00,0.00,0.00,0.00,0.00,0.00,0.00,0.00,0.00,0.00,0.00,0.00,0.00,0.00,0.00,0.00,0.00,0.00,0.00,0.00,0.00,,
2013,3,392.00,394.00,404.00,334.00,151.00,159.00,285.00,331.00,300.00,338.00,397.00,413.00,305.00,318.00,324.00,325.00,341.00,330.00,228.00,270.00,319.00,291.00,46.93,41.97,40.78,14.84,21.40,26.76,21.87,29.48,29.09,27.57,37.08,31.16,14.01,13.75,23.48,26.58,26.75,28.22,25.45,21.27,15.27,15.81,0.00,0.00,0.00,0.00,0.00,0.00,0.00,0.00,0.00,0.00,0.00,0.00,0.00,0.00,0.00,0.00,0.00,0.00,0.00,0.00,0.00,0.00,,
2013,4,449.00,438.00,436.00,318.00,172.00,158.00,323.00,353.00,284.00,298.00,384.00,426.00,313.00,328.00,383.00,331.00,347.00,358.00,227.00,234.00,346.00,322.00,49.42,41.36,45.10,20.38,28.10,31.93,27.23,33.89,35.08,28.83,30.57,33.47,17.74,15.65,24.29,27.99,20.53,29.15,31.29,23.70,15.17,15.75,0.00,0.00,0.00,0.00,0.00,0.00,0.00,0.00,0.00,0.00,0.00,0.00,0.00,0.00,0.00,0.00,0.00,0.00,0.00,0.00,0.00,0.00,,
2014,1,435.00,428.00,424.00,330.00,251.00,213.00,358.00,400.00,330.00,337.00,395.00,444.00,346.00,377.00,365.00,343.00,417.00,430.00,298.00,285.00,367.00,339.00,51.81,44.43,47.33,16.72,26.91,35.98,25.86,33.61,38.21,26.80,26.61,34.09,14.78,12.82,27.20,26.52,24.32,25.19,41.15,23.52,18.88,20.55,0.00,0.00,0.00,0.00,0.00,0.00,0.00,0.00,0.00,0.00,0.00,0.00,0.00,0.00,0.00,0.00,0.00,0.00,0.00,0.00,0.00,0.00,,
2014,2,437.00,433.00,480.00,345.00,268.00,237.00,364.00,381.00,328.00,355.00,438.00,442.00,329.00,382.00,399.00,387.00,439.00,481.00,311.00,321.00,366.00,310.00,48.72,45.84,54.57,29.69,26.58,31.97,24.04,33.51,43.20,30.34,28.67,33.91,16.87,16.40,25.91,28.61,23.16,24.11,44.49,27.99,25.57,20.61,0.00,0.00,0.00,0.00,0.00,0.00,0.00,0.00,0.00,0.00,0.00,0.00,0.00,0.00,0.00,0.00,0.00,0.00,0.00,0.00,0.00,0.00,,
2014,3,435.00,389.00,520.00,393.00,221.00,225.00,366.00,387.00,377.00,363.00,440.00,437.00,295.00,379.00,392.00,378.00,460.00,407.00,323.00,323.00,375.00,334.00,44.85,40.85,59.87,33.76,20.67,28.65,26.68,34.67,46.00,36.35,33.32,30.97,15.17,14.59,30.02,30.01,22.97,21.03,36.04,29.83,29.24,23.68,0.00,0.00,0.00,0.00,0.00,0.00,0.00,0.00,0.00,0.00,0.00,0.00,0.00,0.00,0.00,0.00,0.00,0.00,0.00,0.00,0.00,0.00,,
2014,4,464.00,435.00,521.00,372.00,211.00,247.00,381.00,397.00,350.00,354.00,467.00,438.00,415.00,429.00,390.00,373.00,389.00,375.00,366.00,353.00,366.00,355.00,43.92,44.77,59.26,33.77,23.01,25.64,27.44,32.79,33.26,28.84,33.75,32.62,20.23,15.88,25.13,28.35,25.46,27.41,39.93,37.28,28.48,23.07,0.00,0.00,0.00,0.00,0.00,0.00,0.00,0.00,0.00,0.00,0.00,0.00,0.00,0.00,0.00,0.00,0.00,0.00,0.00,0.00,0.00,0.00,,
2015,1,447.00,409.00,522.00,393.00,262.00,272.00,370.00,410.00,362.00,282.00,465.00,416.00,367.00,384.00,410.00,390.00,417.00,390.00,366.00,357.00,444.00,409.00,45.69,46.40,49.14,36.01,20.09,23.91,27.64,30.32,33.04,35.79,32.48,31.51,19.99,21.42,24.20,26.03,23.98,24.58,39.79,34.76,26.48,22.13,0.00,0.00,0.00,0.00,0.00,0.00,0.00,0.00,0.00,0.00,0.00,0.00,0.00,0.00,0.00,0.00,0.00,0.00,0.00,0.00,0.00,0.00,,
2015,2,413.00,388.00,499.00,391.00,258.00,283.00,335.00,362.00,363.00,381.00,402.00,403.00,398.00,415.00,383.00,361.00,384.00,431.00,349.00,373.00,363.00,299.00,46.32,37.89,49.84,37.79,20.56,22.67,24.90,27.73,40.64,28.64,24.34,26.57,15.36,16.07,23.38,28.19,20.30,20.94,45.34,39.95,22.62,23.23,0.00,0.00,0.00,0.00,0.00,0.00,0.00,0.00,0.00,0.00,0.00,0.00,0.00,0.00,0.00,0.00,0.00,0.00,0.00,0.00,0.00,0.00,,
2015,3,406.00,387.00,493.00,397.00,280.00,302.00,348.00,362.00,341.00,351.00,371.00,394.00,339.00,409.00,348.00,345.00,399.00,434.00,369.00,384.00,355.00,385.00,43.15,39.65,56.91,33.98,22.23,25.83,26.64,30.37,41.88,31.50,22.96,27.74,17.07,17.86,25.15,30.15,18.71,15.34,45.11,43.10,27.21,25.31,0.00,0.00,0.00,0.00,0.00,0.00,0.00,0.00,0.00,0.00,0.00,0.00,0.00,0.00,0.00,0.00,0.00,0.00,0.00,0.00,0.00,0.00,,
2015,4,428.00,396.00,435.00,374.00,270.00,273.00,353.00,362.00,360.00,373.00,420.00,424.00,345.00,360.00,348.00,337.00,401.00,482.00,380.00,390.00,344.00,330.00,43.48,42.04,50.56,32.77,19.18,24.70,26.25,32.05,40.39,25.38,23.32,29.89,19.80,16.34,25.94,28.35,18.87,15.62,49.96,40.46,27.84,24.58,0.00,0.00,0.00,0.00,0.00,0.00,0.00,0.00,0.00,0.00,0.00,0.00,0.00,0.00,0.00,0.00,0.00,0.00,0.00,0.00,0.00,0.00,,
2016,1,432.00,372.00,479.00,458.00,277.00,279.00,376.00,394.00,366.00,380.00,408.00,437.00,408.00,402.00,355.00,337.00,506.00,449.00,351.00,373.00,408.00,446.00,48.78,41.25,47.36,29.95,18.23,33.74,28.83,31.74,35.80,27.12,24.77,30.89,19.52,15.31,26.71,29.97,18.79,13.79,40.75,35.12,28.59,25.13,0.00,0.00,0.00,0.00,0.00,0.00,0.00,0.00,0.00,0.00,0.00,0.00,0.00,0.00,0.00,0.00,0.00,0.00,0.00,0.00,0.00,0.00,,
2016,2,408.00,389.00,457.00,451.00,248.00,262.00,399.00,373.00,365.00,363.00,425.00,446.00,369.00,333.00,403.00,389.00,361.00,364.00,351.00,367.00,395.00,403.00,41.14,45.49,39.92,31.21,21.48,33.79,27.03,32.38,29.51,24.88,27.58,27.54,17.20,12.40,25.22,28.78,20.10,15.49,30.98,24.06,26.54,21.26,0.00,0.00,0.00,0.00,0.00,0.00,0.00,0.00,0.00,0.00,0.00,0.00,0.00,0.00,0.00,0.00,0.00,0.00,0.00,0.00,0.00,0.00,,
2016,3,455.00,440.00,488.00,409.00,349.00,263.00,367.00,398.00,384.00,400.00,442.00,425.00,355.00,341.00,386.00,380.00,368.00,411.00,379.00,365.00,332.00,335.00,41.28,48.59,35.23,29.50,21.58,22.41,24.77,28.99,29.58,22.35,21.32,18.97,14.37,10.84,25.77,29.22,17.08,16.05,33.99,24.10,21.74,17.52,0.00,0.00,0.00,0.00,0.00,0.00,0.00,0.00,0.00,0.00,0.00,0.00,0.00,0.00,0.00,0.00,0.00,0.00,0.00,0.00,0.00,0.00,,
2016,4,432.00,417.00,478.00,387.00,269.00,251.00,390.00,415.00,373.00,405.00,455.00,416.00,389.00,395.00,377.00,361.00,376.00,423.00,424.00,359.00,329.00,360.00,38.82,39.24,36.66,30.89,15.30,15.58,25.19,24.25,30.63,25.16,19.95,23.14,15.11,13.20,24.01,26.03,19.88,14.57,38.65,29.16,22.10,16.76,0.00,0.00,0.00,0.00,0.00,0.00,0.00,0.00,0.00,0.00,0.00,0.00,0.00,0.00,0.00,0.00,0.00,0.00,0.00,0.00,0.00,0.00,,
2017,1,420.00,370.00,462.00,369.00,287.00,267.00,387.00,405.00,360.00,397.00,417.00,415.00,420.00,444.00,398.00,359.00,424.00,473.00,418.00,413.00,361.00,384.00,34.92,31.50,37.47,25.70,14.20,18.80,24.22,25.03,28.93,25.42,19.45,19.87,13.91,10.75,21.84,24.34,20.04,12.23,28.47,27.01,22.29,18.78,0.00,0.00,0.00,0.00,0.00,0.00,0.00,0.00,0.00,0.00,0.00,0.00,0.00,0.00,0.00,0.00,0.00,0.00,0.00,0.00,0.00,0.00,,
2017,2,460.00,429.00,469.00,412.00,246.00,239.00,402.00,361.00,350.00,392.00,443.00,421.00,414.00,391.00,403.00,384.00,397.00,418.00,398.00,408.00,371.00,392.00,30.86,31.02,39.24,24.60,11.73,22.93,22.77,23.41,27.77,23.06,15.80,23.03,14.25,9.62,20.68,22.80,23.15,15.81,28.26,23.55,20.75,17.11,0.00,0.00,0.00,0.00,0.00,0.00,0.00,0.00,0.00,0.00,0.00,0.00,0.00,0.00,0.00,0.00,0.00,0.00,0.00,0.00,0.00,0.00,,
2017,3,463.00,436.00,451.00,386.00,277.00,246.00,374.00,328.00,347.00,378.00,467.00,438.00,411.00,389.00,373.00,360.00,400.00,431.00,361.00,407.00,348.00,344.00,33.15,31.76,34.67,20.72,14.32,20.80,23.99,25.90,28.38,25.44,19.11,19.82,14.23,8.83,20.80,22.43,23.49,17.78,25.59,24.07,19.64,14.21,0.00,0.00,0.00,0.00,0.00,0.00,0.00,0.00,0.00,0.00,0.00,0.00,0.00,0.00,0.00,0.00,0.00,0.00,0.00,0.00,0.00,0.00,,
2017,4,439.00,453.00,472.00,413.00,264.00,257.00,386.00,377.00,376.00,375.00,448.00,416.00,406.00,402.00,372.00,344.00,440.00,445.00,335.00,403.00,375.00,373.00,39.60,41.20,33.21,28.87,19.25,25.04,25.25,24.28,25.22,26.92,18.36,22.64,14.05,8.94,21.60,22.01,22.62,19.97,25.71,25.58,20.07,14.27,0.00,0.00,0.00,0.00,0.00,0.00,0.00,0.00,0.00,0.00,0.00,0.00,0.00,0.00,0.00,0.00,0.00,0.00,0.00,0.00,0.00,0.00,,
2018,1,445.00,449.00,488.00,420.00,266.00,262.00,387.00,386.00,358.00,372.00,448.00,443.00,395.00,386.00,381.00,354.00,424.00,461.00,357.00,404.00,388.00,381.00,42.33,42.73,39.09,33.99,17.56,29.50,31.37,25.94,33.93,22.72,22.70,30.13,15.10,7.48,23.48,24.26,24.93,23.94,33.48,27.84,18.11,16.76,0.00,0.00,0.00,0.00,0.00,0.00,0.00,0.00,0.00,0.00,0.00,0.00,0.00,0.00,0.00,0.00,0.00,0.00,0.00,0.00,0.00,0.00,,
2018,2,472.00,446.00,458.00,416.00,269.00,267.00,401.00,375.00,334.00,381.00,436.00,438.00,381.00,394.00,373.00,374.00,445.00,468.00,360.00,398.00,403.00,388.00,41.56,45.21,41.46,29.41,15.29,22.81,27.58,24.93,35.35,23.99,30.03,33.96,14.17,7.69,21.96,25.49,21.46,21.48,39.44,29.03,18.58,13.84,0.00,0.00,0.00,0.00,0.00,0.00,0.00,0.00,0.00,0.00,0.00,0.00,0.00,0.00,0.00,0.00,0.00,0.00,0.00,0.00,0.00,0.00,,
2018,3,494.00,454.00,450.00,464.00,234.00,225.00,404.00,384.00,383.00,392.00,433.00,445.00,362.00,384.00,359.00,361.00,416.00,443.00,403.00,392.00,387.00,378.00,47.56,48.00,40.18,27.23,16.80,22.55,22.62,24.87,32.85,25.37,31.86,32.35,13.63,6.14,23.58,21.77,23.39,19.12,34.75,29.07,18.72,17.00,0.00,0.00,0.00,0.00,0.00,0.00,0.00,0.00,0.00,0.00,0.00,0.00,0.00,0.00,0.00,0.00,0.00,0.00,0.00,0.00,0.00,0.00,,
2018,4,485.00,440.00,504.00,432.00,255.00,202.00,387.00,387.00,366.00,385.00,459.00,444.00,355.00,360.00,352.00,346.00,409.00,447.00,380.00,374.00,388.00,394.00,50.22,48.61,39.89,29.78,16.53,14.62,26.76,28.77,30.47,27.98,33.41,37.14,17.95,10.14,24.16,24.25,21.39,20.99,38.89,29.63,23.03,21.46,0.00,0.00,0.00,0.00,0.00,0.00,0.00,0.00,0.00,0.00,0.00,0.00,0.00,0.00,0.00,0.00,0.00,0.00,0.00,0.00,0.00,0.00,,
2019,1,533.43,490.59,526.86,472.59,245.97,230.31,423.72,426.15,378.00,389.61,461.97,439.65,425.16,415.80,356.58,363.51,422.37,433.17,398.79,390.78,382.95,394.02,53.45,48.75,52.23,35.67,23.23,21.26,31.67,32.28,36.80,29.46,46.81,42.60,19.14,12.30,26.59,28.33,21.95,20.36,42.17,30.02,26.65,28.19,0.00,0.00,0.00,0.00,0.00,0.00,0.00,0.00,0.00,0.00,0.00,0.00,0.00,0.00,0.00,0.00,0.00,0.00,0.00,0.00,0.00,0.00,,
2019,2,478.00,481.00,541.00,494.00,250.00,243.00,425.00,406.00,356.00,389.00,456.00,444.00,383.00,396.00,334.00,350.00,458.00,470.00,413.00,457.00,367.00,386.00,59.16,50.80,57.09,35.15,22.06,21.91,26.86,31.18,42.99,30.61,52.54,51.32,18.59,10.94,25.77,31.70,19.44,20.32,50.35,40.31,22.55,20.62,0.00,0.00,0.00,0.00,0.00,0.00,0.00,0.00,0.00,0.00,0.00,0.00,0.00,0.00,0.00,0.00,0.00,0.00,0.00,0.00,0.00,0.00,,
2019,3,477.00,525.00,480.00,484.00,222.00,257.00,442.00,427.00,389.00,390.00,446.00,463.00,394.00,394.00,309.00,327.00,399.00,436.00,413.00,422.00,435.00,438.00,56.29,54.00,52.13,35.75,18.67,19.49,25.49,30.21,48.85,30.92,49.72,42.17,17.29,14.81,25.33,28.78,17.13,16.53,52.83,40.27,20.20,18.45,0.00,0.00,0.00,0.00,0.00,0.00,0.00,0.00,0.00,0.00,0.00,0.00,0.00,0.00,0.00,0.00,0.00,0.00,0.00,0.00,0.00,0.00,,
2019,4,462.00,478.00,503.00,503.00,249.00,255.00,394.00,368.00,413.00,402.00,453.00,443.00,354.00,337.00,306.00,318.00,385.00,456.00,460.00,428.00,390.00,388.00,46.17,40.75,35.44,30.23,22.36,25.96,24.74,28.15,40.20,26.07,35.84,29.06,17.71,18.30,24.06,26.94,20.28,16.33,48.35,40.76,23.10,21.81,0.00,0.00,0.00,0.00,0.00,0.00,0.00,0.00,0.00,0.00,0.00,0.00,0.00,0.00,0.00,0.00,0.00,0.00,0.00,0.00,0.00,0.00,,
2020,1,429.00,429.00,428.00,420.00,248.00,247.00,383.00,382.00,396.00,400.00,409.00,423.00,326.00,321.00,322.00,313.00,419.00,447.00,447.00,416.00,433.00,408.00,43.87,38.37,25.67,24.22,21.12,26.49,25.36,24.32,32.60,28.25,32.15,30.49,17.16,11.91,23.52,26.94,17.39,13.66,48.17,25.36,20.83,19.17,0.00,0.00,0.00,0.00,0.00,0.00,0.00,0.00,0.00,0.00,0.00,0.00,0.00,0.00,0.00,0.00,0.00,0.00,0.00,0.00,0.00,0.00,,
2020,2,430.00,431.00,354.00,387.00,284.00,265.00,369.00,360.00,357.00,377.00,421.00,449.00,340.00,329.00,307.00,316.00,360.00,449.00,425.00,394.00,431.00,427.00,45.65,30.74,23.72,23.97,19.78,23.78,22.04,25.44,24.36,24.57,31.99,25.28,16.83,21.03,23.32,25.68,16.14,14.88,34.96,20.93,15.49,19.32,0.00,0.00,0.00,0.00,0.00,0.00,0.00,0.00,0.00,0.00,0.00,0.00,0.00,0.00,0.00,0.00,0.00,0.00,0.00,0.00,0.00,0.00,,
2020,3,,,,,,,,,,,,,,,,,,,,,,,,,,,,,,,,,,,,,,,,,,,,,0.00,0.00,0.00,0.00,0.00,0.00,0.00,0.00,0.00,0.00,0.00,0.00,0.00,0.00,0.00,0.00,0.00,0.00,0.00,0.00,0.00,0.00,,
2020,4,,,,,,,,,,,,,,,,,,,,,,,,,,,,,,,,,,,,,,,,,,,,,0.00,0.00,0.00,0.00,0.00,0.00,0.00,0.00,0.00,0.00,0.00,0.00,0.00,0.00,0.00,0.00,0.00,0.00,0.00,0.00,0.00,0.00,,
2021,1,432.00,415.00,489.00,432.00,266.00,,369.00,392.00,358.00,382.00,399.00,320.00,403.00,308.00,275.00,310.00,404.00,543.00,388.00,356.00,412.00,435.00,39.75,33.85,20.98,18.11,20.55,28.52,26.84,30.15,21.03,22.77,25.76,20.81,19.78,25.86,36.60,39.05,15.31,10.62,23.96,13.53,20.54,35.85,0.00,0.00,0.00,0.00,0.00,0.00,0.00,0.00,0.00,0.00,0.00,0.00,0.00,0.00,0.00,0.00,0.00,0.00,0.00,0.00,0.00,0.00,,
2021,2,449.00,397.00,481.00,444.00,232.00,215.00,399.00,397.00,377.00,382.00,400.00,336.00,492.00,410.00,300.00,311.00,386.00,547.00,379.00,337.00,418.00,409.00,37.73,40.44,22.83,21.19,22.25,28.19,24.04,27.41,26.06,24.78,24.85,19.68,15.69,20.49,34.05,29.66,14.56,11.91,24.26,11.99,21.09,25.73,0.00,0.00,0.00,0.00,0.00,0.00,0.00,0.00,0.00,0.00,0.00,0.00,0.00,0.00,0.00,0.00,0.00,0.00,0.00,0.00,0.00,0.00,,
