stateAbbr,statecd,unitcd,priceRegion,spcd,spgrpcd,spclass,sizerange,volume,value,product
AL,01,01,02,110,2,Softwood,1.0-1.9,855900.6803056333,262249.4668510493,Pre-merchantable
AL,01,01,02,110,2,Softwood,2.0-2.9,1469839.78014849,496862.8061066474,Pre-merchantable
AL,01,01,02,110,2,Softwood,3.0-3.9,1904631.2834101534,812312.6655289965,Pre-merchantable
AL,01,01,02,110,2,Softwood,4.0-4.9,4829527.1726627005,2598739.491279889,Pre-merchantable
AL,01,01,02,111,1,Softwood,1.0-1.9,3724420.435396051,1141168.9416615346,Pre-merchantable
AL,01,01,02,111,1,Softwood,2.0-2.9,18933125.107701965,6400129.998135351,Pre-merchantable
AL,01,01,02,111,1,Softwood,3.0-3.9,14342214.59052694,6116859.816961724,Pre-merchantable
AL,01,01,02,111,1,Softwood,4.0-4.9,52342551.20250107,28165211.628633134,Pre-merchantable
AL,01,01,02,121,1,Softwood,1.0-1.9,10089411.367111156,3091413.306180546,Pre-merchantable
AL,01,01,02,121,1,Softwood,2.0-2.9,26706290.16198486,9027761.018443532,Pre-merchantable
AL,01,01,02,121,1,Softwood,3.0-3.9,67190920.18264875,28656483.776319403,Pre-merchantable
AL,01,01,02,121,1,Softwood,4.0-4.9,160292290.80209076,86252316.50274561,Pre-merchantable
AL,01,01,02,131,2,Softwood,1.0-1.9,16762067.307455093,5135926.767965402,Pre-merchantable
AL,01,01,02,131,2,Softwood,2.0-2.9,53549509.05569281,18101809.2545821,Pre-merchantable
AL,01,01,02,131,2,Softwood,3.0-3.9,119560335.0576384,50991693.40971901,Pre-merchantable
AL,01,01,02,131,2,Softwood,4.0-4.9,204861744.4988721,110234871.16818252,Pre-merchantable
AL,01,02,01,110,2,Softwood,1.0-1.9,334286.255796542,82468.8407839585,Pre-merchantable
AL,01,02,01,110,2,Softwood,2.0-2.9,9164396.10026484,2494310.237681182,Pre-merchantable
AL,01,02,01,110,2,Softwood,3.0-3.9,3652526.836076595,1254255.0366059341,Pre-merchantable
AL,01,02,01,110,2,Softwood,4.0-4.9,0.0,0.0,Pre-merchantable
AL,01,02,01,111,1,Softwood,1.0-1.9,0.0,0.0,Pre-merchantable
AL,01,02,01,111,1,Softwood,2.0-2.9,0.0,0.0,Pre-merchantable
AL,01,02,01,111,1,Softwood,3.0-3.9,0.0,0.0,Pre-merchantable
AL,01,02,01,111,1,Softwood,4.0-4.9,17460168.5862886,7564612.59774001,Pre-merchantable
AL,01,02,01,121,1,Softwood,1.0-1.9,580753.243680224,143272.55744843365,Pre-merchantable
AL,01,02,01,121,1,Softwood,2.0-2.9,925972.8286474,252025.71790224852,Pre-merchantable
AL,01,02,01,121,1,Softwood,3.0-3.9,0.0,0.0,Pre-merchantable
AL,01,02,01,121,1,Softwood,4.0-4.9,27438757.61270325,11887833.183145117,Pre-merchantable
AL,01,02,01,131,2,Softwood,1.0-1.9,35976241.299399115,8875384.088573435,Pre-merchantable
AL,01,02,01,131,2,Softwood,2.0-2.9,113458151.03370643,30880357.480791714,Pre-merchantable
AL,01,02,01,131,2,Softwood,3.0-3.9,262648219.6240085,90191767.80993979,Pre-merchantable
AL,01,02,01,131,2,Softwood,4.0-4.9,423575160.39757043,183513806.21544728,Pre-merchantable
AL,01,02,02,110,2,Softwood,1.0-1.9,334286.255796542,102425.89400322924,Pre-merchantable
AL,01,02,02,110,2,Softwood,2.0-2.9,9164396.10026484,3097921.0279574785,Pre-merchantable
AL,01,02,02,110,2,Softwood,3.0-3.9,3652526.836076595,1557778.5768683306,Pre-merchantable
AL,01,02,02,110,2,Softwood,4.0-4.9,0.0,0.0,Pre-merchantable
AL,01,02,02,111,1,Softwood,1.0-1.9,0.0,0.0,Pre-merchantable
AL,01,02,02,111,1,Softwood,2.0-2.9,0.0,0.0,Pre-merchantable
AL,01,02,02,111,1,Softwood,3.0-3.9,0.0,0.0,Pre-merchantable
AL,01,02,02,111,1,Softwood,4.0-4.9,17460168.5862886,9395211.582291627,Pre-merchantable
AL,01,02,02,121,1,Softwood,1.0-1.9,580753.243680224,177943.81057480953,Pre-merchantable
AL,01,02,02,121,1,Softwood,2.0-2.9,925972.8286474,313014.7001285932,Pre-merchantable
AL,01,02,02,121,1,Softwood,3.0-3.9,0.0,0.0,Pre-merchantable
AL,01,02,02,121,1,Softwood,4.0-4.9,27438757.61270325,14764630.25271164,Pre-merchantable
AL,01,02,02,131,2,Softwood,1.0-1.9,35976241.299399115,11023183.316904323,Pre-merchantable
AL,01,02,02,131,2,Softwood,2.0-2.9,113458151.03370643,38353251.87115573,Pre-merchantable
AL,01,02,02,131,2,Softwood,3.0-3.9,262648219.6240085,112017731.32552248,Pre-merchantable
AL,01,02,02,131,2,Softwood,4.0-4.9,423575160.39757043,227923243.31068793,Pre-merchantable
AL,01,03,01,110,2,Softwood,1.0-1.9,539858.0857073104,133183.67041457453,Pre-merchantable
AL,01,03,01,110,2,Softwood,2.0-2.9,5029764.504520145,1368971.0657953182,Pre-merchantable
AL,01,03,01,110,2,Softwood,3.0-3.9,7787238.417088717,2674089.320689641,Pre-merchantable
AL,01,03,01,110,2,Softwood,4.0-4.9,11230470.564849114,4865597.871725026,Pre-merchantable
AL,01,03,01,111,1,Softwood,1.0-1.9,691201.0328140216,170520.16628389567,Pre-merchantable
AL,01,03,01,111,1,Softwood,2.0-2.9,3142908.6260609413,855417.9758613615,Pre-merchantable
AL,01,03,01,111,1,Softwood,3.0-3.9,7725308.051416038,2652822.8176494488,Pre-merchantable
AL,01,03,01,111,1,Softwood,4.0-4.9,10573407.988644557,4580925.7153883595,Pre-merchantable
AL,01,03,01,121,1,Softwood,1.0-1.9,361402.1792123266,89158.37327926813,Pre-merchantable
AL,01,03,01,121,1,Softwood,2.0-2.9,2055092.4721894788,559342.7146405873,Pre-merchantable
AL,01,03,01,121,1,Softwood,3.0-3.9,8250255.966674098,2833086.6722951974,Pre-merchantable
AL,01,03,01,121,1,Softwood,4.0-4.9,12634658.894435931,5473962.027838241,Pre-merchantable
AL,01,03,01,131,2,Softwood,1.0-1.9,12614296.406786276,3111962.828068142,Pre-merchantable
AL,01,03,01,131,2,Softwood,2.0-2.9,33213025.172732424,9039721.527348127,Pre-merchantable
AL,01,03,01,131,2,Softwood,3.0-3.9,73145830.96945187,25117824.185162924,Pre-merchantable
AL,01,03,01,131,2,Softwood,4.0-4.9,142100326.79096067,61564922.29004104,Pre-merchantable
AL,01,03,02,110,2,Softwood,1.0-1.9,539858.0857073104,165413.4625777074,Pre-merchantable
AL,01,03,02,110,2,Softwood,2.0-2.9,5029764.504520145,1700255.3200179543,Pre-merchantable
AL,01,03,02,110,2,Softwood,3.0-3.9,7787238.417088717,3321205.7634427375,Pre-merchantable
AL,01,03,02,110,2,Softwood,4.0-4.9,11230470.564849114,6043048.588220062,Pre-merchantable
AL,01,03,02,111,1,Softwood,1.0-1.9,691201.0328140216,211785.20652377928,Pre-merchantable
AL,01,03,02,111,1,Softwood,2.0-2.9,3142908.6260609413,1062424.9121381568,Pre-merchantable
AL,01,03,02,111,1,Softwood,3.0-3.9,7725308.051416038,3294792.8714279183,Pre-merchantable
AL,01,03,02,111,1,Softwood,4.0-4.9,10573407.988644557,5689487.172375815,Pre-merchantable
AL,01,03,02,121,1,Softwood,1.0-1.9,361402.1792123266,110734.26040904176,Pre-merchantable
AL,01,03,02,121,1,Softwood,2.0-2.9,2055092.4721894788,694700.8962007789,Pre-merchantable
AL,01,03,02,121,1,Softwood,3.0-3.9,8250255.966674098,3518679.6908986536,Pre-merchantable
AL,01,03,02,121,1,Softwood,4.0-4.9,12634658.894435931,6798633.873244911,Pre-merchantable
AL,01,03,02,131,2,Softwood,1.0-1.9,12614296.406786276,3865042.502594485,Pre-merchantable
AL,01,03,02,131,2,Softwood,2.0-2.9,33213025.172732424,11227289.606318459,Pre-merchantable
AL,01,03,02,131,2,Softwood,3.0-3.9,73145830.96945187,31196213.904848292,Pre-merchantable
AL,01,03,02,131,2,Softwood,4.0-4.9,142100326.79096067,76463330.20875172,Pre-merchantable
AL,01,04,01,110,2,Softwood,1.0-1.9,157606.5571689976,38881.73636904987,Pre-merchantable
AL,01,04,01,110,2,Softwood,2.0-2.9,845309.961828988,230071.38372631036,Pre-merchantable
AL,01,04,01,110,2,Softwood,3.0-3.9,2649384.118335994,909782.0559468183,Pre-merchantable
AL,01,04,01,110,2,Softwood,4.0-4.9,7669982.895157052,3323017.6986216875,Pre-merchantable
AL,01,04,01,121,1,Softwood,1.0-1.9,958578.8101063564,236482.6010604868,Pre-merchantable
AL,01,04,01,121,1,Softwood,2.0-2.9,3748823.989979422,1020332.3770783178,Pre-merchantable
AL,01,04,01,121,1,Softwood,3.0-3.9,24175600.63578644,8301751.149617808,Pre-merchantable
AL,01,04,01,121,1,Softwood,4.0-4.9,28229970.838088643,12230626.066425122,Pre-merchantable
AL,01,04,01,131,2,Softwood,1.0-1.9,23908874.014650565,5898349.364497973,Pre-merchantable
AL,01,04,01,131,2,Softwood,2.0-2.9,87875358.03864108,23917386.67748632,Pre-merchantable
AL,01,04,01,131,2,Softwood,3.0-3.9,146623840.6680491,50349716.48338357,Pre-merchantable
AL,01,04,01,131,2,Softwood,4.0-4.9,257985485.91767693,111772131.3607183,Pre-merchantable
AL,01,05,01,110,2,Softwood,1.0-1.9,1290805.2805157846,318443.2901924001,Pre-merchantable
AL,01,05,01,110,2,Softwood,2.0-2.9,2256967.419054199,614287.8240822738,Pre-merchantable
AL,01,05,01,110,2,Softwood,3.0-3.9,6526774.2726703845,2241253.7598437495,Pre-merchantable
AL,01,05,01,110,2,Softwood,4.0-4.9,4213463.258288025,1825481.6433324802,Pre-merchantable
AL,01,05,01,111,1,Softwood,1.0-1.9,1761079.20828965,434460.461110831,Pre-merchantable
AL,01,05,01,111,1,Softwood,2.0-2.9,0.0,0.0,Pre-merchantable
AL,01,05,01,111,1,Softwood,3.0-3.9,0.0,0.0,Pre-merchantable
AL,01,05,01,111,1,Softwood,4.0-4.9,0.0,0.0,Pre-merchantable
AL,01,05,01,121,1,Softwood,1.0-1.9,1585464.0812987294,391135.9878609239,Pre-merchantable
AL,01,05,01,121,1,Softwood,2.0-2.9,1977888.421876827,538329.7803480882,Pre-merchantable
AL,01,05,01,121,1,Softwood,3.0-3.9,7177239.962399028,2464619.6388903377,Pre-merchantable
AL,01,05,01,121,1,Softwood,4.0-4.9,14295903.179690244,6193695.596621015,Pre-merchantable
AL,01,05,01,131,2,Softwood,1.0-1.9,15683727.029981023,3869195.2328479523,Pre-merchantable
AL,01,05,01,131,2,Softwood,2.0-2.9,43848676.337802626,11934469.123938125,Pre-merchantable
AL,01,05,01,131,2,Softwood,3.0-3.9,84175684.17646512,28905407.290994592,Pre-merchantable
AL,01,05,01,131,2,Softwood,4.0-4.9,133504975.9350719,57840989.21086608,Pre-merchantable
AL,01,06,01,110,2,Softwood,1.0-1.9,0.0,0.0,Pre-merchantable
AL,01,06,01,110,2,Softwood,2.0-2.9,3886632.1631767,1057840.1772084518,Pre-merchantable
AL,01,06,01,110,2,Softwood,3.0-3.9,0.0,0.0,Pre-merchantable
AL,01,06,01,110,2,Softwood,4.0-4.9,10433659.9354323,4520379.914893097,Pre-merchantable
AL,01,06,01,131,2,Softwood,1.0-1.9,3125270.5766956373,771008.1917133034,Pre-merchantable
AL,01,06,01,131,2,Softwood,2.0-2.9,7565000.627090316,2058996.3927541976,Pre-merchantable
AL,01,06,01,131,2,Softwood,3.0-3.9,15153614.694461878,5203657.195775886,Pre-merchantable
AL,01,06,01,131,2,Softwood,4.0-4.9,33562145.65289019,14540789.14291886,Pre-merchantable
AR,05,01,01,131,2,Softwood,1.0-1.9,1769303.096327526,464441.8217058298,Pre-merchantable
AR,05,01,01,131,2,Softwood,2.0-2.9,3160850.643563294,915394.5147098316,Pre-merchantable
AR,05,01,01,131,2,Softwood,3.0-3.9,17016996.36184188,6217747.154351172,Pre-merchantable
AR,05,01,01,131,2,Softwood,4.0-4.9,22480553.37062464,10363416.906380124,Pre-merchantable
AR,05,01,02,131,2,Softwood,1.0-1.9,1769303.096327526,394560.5290880545,Pre-merchantable
AR,05,01,02,131,2,Softwood,2.0-2.9,3160850.643563294,777661.5437465466,Pre-merchantable
AR,05,01,02,131,2,Softwood,3.0-3.9,17016996.36184188,5282206.494552963,Pre-merchantable
AR,05,01,02,131,2,Softwood,4.0-4.9,22480553.37062464,8804106.492225707,Pre-merchantable
AR,05,02,02,131,2,Softwood,1.0-1.9,0.0,0.0,Pre-merchantable
AR,05,02,02,131,2,Softwood,2.0-2.9,0.0,0.0,Pre-merchantable
AR,05,02,02,131,2,Softwood,3.0-3.9,2347476.05365832,728674.6140609392,Pre-merchantable
AR,05,02,02,131,2,Softwood,4.0-4.9,6172084.64384814,2417186.5161680463,Pre-merchantable
AR,05,03,01,110,2,Softwood,1.0-1.9,2828078.2903345325,742370.1658670095,Pre-merchantable
AR,05,03,01,110,2,Softwood,2.0-2.9,2491622.2430172823,721583.3935816131,Pre-merchantable
AR,05,03,01,110,2,Softwood,3.0-3.9,9279878.204765126,3390723.901768439,Pre-merchantable
AR,05,03,01,110,2,Softwood,4.0-4.9,6123643.819694763,2822967.604196103,Pre-merchantable
AR,05,03,01,131,2,Softwood,1.0-1.9,18476674.63401324,4850124.573849988,Pre-merchantable
AR,05,03,01,131,2,Softwood,2.0-2.9,52520779.31314529,15210219.878450286,Pre-merchantable
AR,05,03,01,131,2,Softwood,3.0-3.9,118030173.86540836,43126399.164357774,Pre-merchantable
AR,05,03,01,131,2,Softwood,4.0-4.9,245288406.25777906,113076665.61591724,Pre-merchantable
AR,05,04,01,110,2,Softwood,1.0-1.9,18626430.96645404,4889435.590710332,Pre-merchantable
AR,05,04,01,110,2,Softwood,2.0-2.9,46869565.432045065,13573606.582992747,Pre-merchantable
AR,05,04,01,110,2,Softwood,3.0-3.9,88399265.58024532,32299723.777387675,Pre-merchantable
AR,05,04,01,110,2,Softwood,4.0-4.9,90510455.68398854,41724844.18756783,Pre-merchantable
AR,05,04,01,131,2,Softwood,1.0-1.9,3929894.8676359835,1031596.867278286,Pre-merchantable
AR,05,04,01,131,2,Softwood,2.0-2.9,10907981.645055477,3158993.4768897803,Pre-merchantable
AR,05,04,01,131,2,Softwood,3.0-3.9,18604777.951243855,6797897.978228222,Pre-merchantable
AR,05,04,01,131,2,Softwood,4.0-4.9,40230511.78366459,18546054.40967265,Pre-merchantable
AR,05,05,02,110,2,Softwood,1.0-1.9,1058373.4773824576,236020.83785167558,Pre-merchantable
AR,05,05,02,110,2,Softwood,2.0-2.9,4633506.038129693,1139977.7670319804,Pre-merchantable
AR,05,05,02,110,2,Softwood,3.0-3.9,9687980.911504168,3007223.75451654,Pre-merchantable
AR,05,05,02,110,2,Softwood,4.0-4.9,19532945.296743162,7649728.530439986,Pre-merchantable
AR,05,05,02,131,2,Softwood,1.0-1.9,669756.4643752797,149357.93957099164,Pre-merchantable
AR,05,05,02,131,2,Softwood,2.0-2.9,2827448.662048591,695634.9221594549,Pre-merchantable
AR,05,05,02,131,2,Softwood,3.0-3.9,19848170.080006633,6161024.58226388,Pre-merchantable
AR,05,05,02,131,2,Softwood,4.0-4.9,30307128.94674104,11869244.778884659,Pre-merchantable
FL,12,01,01,111,1,Softwood,1.0-1.9,6004410.993872881,2325926.2284473884,Pre-merchantable
FL,12,01,01,111,1,Softwood,2.0-2.9,17478128.913360354,7469571.885532071,Pre-merchantable
FL,12,01,01,111,1,Softwood,3.0-3.9,43554096.58343362,23484190.981726885,Pre-merchantable
FL,12,01,01,111,1,Softwood,4.0-4.9,94871396.84273018,64539813.99826477,Pre-merchantable
FL,12,01,01,121,1,Softwood,1.0-1.9,555333.7344244253,215119.4013463551,Pre-merchantable
FL,12,01,01,121,1,Softwood,2.0-2.9,3078853.2142526833,1315799.6215076745,Pre-merchantable
FL,12,01,01,121,1,Softwood,3.0-3.9,4838629.731559898,2608969.387945833,Pre-merchantable
FL,12,01,01,121,1,Softwood,4.0-4.9,9783621.734428719,6655674.396953875,Pre-merchantable
FL,12,01,01,131,2,Softwood,1.0-1.9,1609870.864101461,623615.0175342448,Pre-merchantable
FL,12,01,01,131,2,Softwood,2.0-2.9,4431825.174777208,1894014.9080720183,Pre-merchantable
FL,12,01,01,131,2,Softwood,3.0-3.9,13355114.98419244,7201023.450707793,Pre-merchantable
FL,12,01,01,131,2,Softwood,4.0-4.9,28190653.64070773,19177745.906670514,Pre-merchantable
FL,12,01,02,111,1,Softwood,1.0-1.9,6004410.993872881,2023099.754782865,Pre-merchantable
FL,12,01,02,111,1,Softwood,2.0-2.9,17478128.913360354,6497062.9184745625,Pre-merchantable
FL,12,01,02,111,1,Softwood,3.0-3.9,43554096.58343362,20426641.410772637,Pre-merchantable
FL,12,01,02,111,1,Softwood,4.0-4.9,94871396.84273018,56136983.31300049,Pre-merchantable
FL,12,01,02,121,1,Softwood,1.0-1.9,555333.7344244253,187111.6988965551,Pre-merchantable
FL,12,01,02,121,1,Softwood,2.0-2.9,3078853.2142526833,1144487.6707858907,Pre-merchantable
FL,12,01,02,121,1,Softwood,3.0-3.9,4838629.731559898,2269291.8048877874,Pre-merchantable
FL,12,01,02,121,1,Softwood,4.0-4.9,9783621.734428719,5789131.69115439,Pre-merchantable
FL,12,01,02,131,2,Softwood,1.0-1.9,1609870.864101461,542422.7878003744,Pre-merchantable
FL,12,01,02,131,2,Softwood,2.0-2.9,4431825.174777208,1647421.5945504848,Pre-merchantable
FL,12,01,02,131,2,Softwood,3.0-3.9,13355114.98419244,6263478.436733287,Pre-merchantable
FL,12,01,02,131,2,Softwood,4.0-4.9,28190653.64070773,16680878.596468702,Pre-merchantable
FL,12,02,02,110,2,Softwood,1.0-1.9,0.0,0.0,Pre-merchantable
FL,12,02,02,110,2,Softwood,2.0-2.9,431153.901377225,160270.81838561862,Pre-merchantable
FL,12,02,02,110,2,Softwood,3.0-3.9,3301741.52210993,1548499.346645872,Pre-merchantable
FL,12,02,02,110,2,Softwood,4.0-4.9,0.0,0.0,Pre-merchantable
FL,12,02,02,111,1,Softwood,1.0-1.9,4012511.809507379,1351958.0298819214,Pre-merchantable
FL,12,02,02,111,1,Softwood,2.0-2.9,10949223.632783502,4070103.5679090912,Pre-merchantable
FL,12,02,02,111,1,Softwood,3.0-3.9,16655829.952760201,7811496.335186228,Pre-merchantable
FL,12,02,02,111,1,Softwood,4.0-4.9,50685537.124193564,29991475.264858536,Pre-merchantable
FL,12,02,02,121,1,Softwood,1.0-1.9,2360931.949715282,795481.9970521723,Pre-merchantable
FL,12,02,02,121,1,Softwood,2.0-2.9,9393695.088393115,3491874.2348674885,Pre-merchantable
FL,12,02,02,121,1,Softwood,3.0-3.9,16264240.997447705,7627843.182026121,Pre-merchantable
FL,12,02,02,121,1,Softwood,4.0-4.9,28776434.202812552,17027494.69715151,Pre-merchantable
FL,12,02,02,131,2,Softwood,1.0-1.9,2907013.8870445094,979476.4362452038,Pre-merchantable
FL,12,02,02,131,2,Softwood,2.0-2.9,9432214.110845411,3506192.73049544,Pre-merchantable
FL,12,02,02,131,2,Softwood,3.0-3.9,14251999.071477786,6684112.339744245,Pre-merchantable
FL,12,02,02,131,2,Softwood,4.0-4.9,31686366.382168636,18749349.96260387,Pre-merchantable
FL,12,03,01,111,1,Softwood,1.0-1.9,1973786.9532374127,764585.0439929679,Pre-merchantable
FL,12,03,01,111,1,Softwood,2.0-2.9,4302061.887963154,1838558.3884545448,Pre-merchantable
FL,12,03,01,111,1,Softwood,3.0-3.9,8036587.300359886,4333295.0470326,Pre-merchantable
FL,12,03,01,111,1,Softwood,4.0-4.9,16892949.073650703,11492060.066354135,Pre-merchantable
FL,12,03,01,121,1,Softwood,1.0-1.9,446196.32570719405,172842.88801320316,Pre-merchantable
FL,12,03,01,121,1,Softwood,2.0-2.9,1318416.1469322979,563447.2793611883,Pre-merchantable
FL,12,03,01,121,1,Softwood,3.0-3.9,8864025.780554343,4779446.495893271,Pre-merchantable
FL,12,03,01,121,1,Softwood,4.0-4.9,16974846.181199323,11547773.635080714,Pre-merchantable
FL,12,03,01,131,2,Softwood,1.0-1.9,756704.440721065,293124.2894018655,Pre-merchantable
FL,12,03,01,131,2,Softwood,2.0-2.9,0.0,0.0,Pre-merchantable
FL,12,03,01,131,2,Softwood,3.0-3.9,1311177.974065335,706981.8081290702,Pre-merchantable
FL,12,03,01,131,2,Softwood,4.0-4.9,0.0,0.0,Pre-merchantable
GA,13,01,02,111,1,Softwood,1.0-1.9,6160846.994625842,2175013.1702361945,Pre-merchantable
GA,13,01,02,111,1,Softwood,2.0-2.9,16564759.206461914,6451814.071003329,Pre-merchantable
GA,13,01,02,111,1,Softwood,3.0-3.9,31606070.109258313,15531486.95023302,Pre-merchantable
GA,13,01,02,111,1,Softwood,4.0-4.9,93488193.7556448,57962235.46191439,Pre-merchantable
GA,13,01,02,121,1,Softwood,1.0-1.9,361217.27533728135,127523.42849298996,Pre-merchantable
GA,13,01,02,121,1,Softwood,2.0-2.9,2138199.777250959,832808.2067201065,Pre-merchantable
GA,13,01,02,121,1,Softwood,3.0-3.9,6733319.969078514,3308809.6960479855,Pre-merchantable
GA,13,01,02,121,1,Softwood,4.0-4.9,27023503.615812313,16754443.707401639,Pre-merchantable
GA,13,01,02,131,2,Softwood,1.0-1.9,8910657.052466394,3145800.6442098734,Pre-merchantable
GA,13,01,02,131,2,Softwood,2.0-2.9,24783388.291019093,9652890.893865816,Pre-merchantable
GA,13,01,02,131,2,Softwood,3.0-3.9,45024630.65902763,22125479.729126602,Pre-merchantable
GA,13,01,02,131,2,Softwood,4.0-4.9,73484502.55128707,45560042.060628355,Pre-merchantable
GA,13,02,02,110,2,Softwood,1.0-1.9,734800.5914369933,259412.53942305816,Pre-merchantable
GA,13,02,02,110,2,Softwood,2.0-2.9,2663933.0001557,1037576.2303812983,Pre-merchantable
GA,13,02,02,110,2,Softwood,3.0-3.9,0.0,0.0,Pre-merchantable
GA,13,02,02,110,2,Softwood,4.0-4.9,4440270.175055333,2752946.3888645642,Pre-merchantable
GA,13,02,02,111,1,Softwood,1.0-1.9,1409649.9852173664,497660.02725689055,Pre-merchantable
GA,13,02,02,111,1,Softwood,2.0-2.9,5602694.210601984,2182195.4000629,Pre-merchantable
GA,13,02,02,111,1,Softwood,3.0-3.9,7938058.086682038,3900828.0737622827,Pre-merchantable
GA,13,02,02,111,1,Softwood,4.0-4.9,23273965.682686783,14429748.023139592,Pre-merchantable
GA,13,02,02,121,1,Softwood,1.0-1.9,612630.5791196189,216281.8812473238,Pre-merchantable
GA,13,02,02,121,1,Softwood,2.0-2.9,773299.115709095,301192.55303633335,Pre-merchantable
GA,13,02,02,121,1,Softwood,3.0-3.9,9026716.705556825,4435804.015847517,Pre-merchantable
GA,13,02,02,121,1,Softwood,4.0-4.9,15407855.51656545,9552797.134455275,Pre-merchantable
GA,13,02,02,131,2,Softwood,1.0-1.9,3065534.512873049,1082250.2076627875,Pre-merchantable
GA,13,02,02,131,2,Softwood,2.0-2.9,8486345.39966984,3305349.74753061,Pre-merchantable
GA,13,02,02,131,2,Softwood,3.0-3.9,13160414.930989455,6467137.864774897,Pre-merchantable
GA,13,02,02,131,2,Softwood,4.0-4.9,24324749.283732254,15081228.857848076,Pre-merchantable
GA,13,03,02,110,2,Softwood,1.0-1.9,829591.6077792852,292877.37131133646,Pre-merchantable
GA,13,03,02,110,2,Softwood,2.0-2.9,3311874.179854228,1289943.0754562744,Pre-merchantable
GA,13,03,02,110,2,Softwood,3.0-3.9,5029845.869713949,2471708.289486512,Pre-merchantable
GA,13,03,02,110,2,Softwood,4.0-4.9,5552309.14777794,3442405.2626582542,Pre-merchantable
GA,13,03,02,111,1,Softwood,1.0-1.9,1928692.2046627977,680901.6601341893,Pre-merchantable
GA,13,03,02,111,1,Softwood,2.0-2.9,4815317.585567122,1875519.7928136673,Pre-merchantable
GA,13,03,02,111,1,Softwood,3.0-3.9,13378934.573791059,6574520.243185445,Pre-merchantable
GA,13,03,02,111,1,Softwood,4.0-4.9,23016848.829240628,14270336.796951763,Pre-merchantable
GA,13,03,02,121,1,Softwood,1.0-1.9,1161745.953579721,410140.4809612476,Pre-merchantable
GA,13,03,02,121,1,Softwood,2.0-2.9,4008665.897597722,1561336.734311414,Pre-merchantable
GA,13,03,02,121,1,Softwood,3.0-3.9,8225118.494531923,4041891.956840332,Pre-merchantable
GA,13,03,02,121,1,Softwood,4.0-4.9,25615773.806016292,15881657.921044247,Pre-merchantable
GA,13,03,02,131,2,Softwood,1.0-1.9,7283144.085872498,2571226.7032956197,Pre-merchantable
GA,13,03,02,131,2,Softwood,2.0-2.9,22406588.48259082,8727150.274467407,Pre-merchantable
GA,13,03,02,131,2,Softwood,3.0-3.9,51333640.09434712,25225779.68337046,Pre-merchantable
GA,13,03,02,131,2,Softwood,4.0-4.9,105084927.48592322,65152155.21606448,Pre-merchantable
GA,13,04,01,110,2,Softwood,1.0-1.9,277067.991513856,70331.21993243843,Pre-merchantable
GA,13,04,01,110,2,Softwood,2.0-2.9,709794.8148832901,198778.70862000674,Pre-merchantable
GA,13,04,01,110,2,Softwood,3.0-3.9,6008522.448823722,2123002.7233124464,Pre-merchantable
GA,13,04,01,110,2,Softwood,4.0-4.9,15618698.203692138,6962633.208531966,Pre-merchantable
GA,13,04,01,121,1,Softwood,1.0-1.9,1546260.22514293,392504.26356763276,Pre-merchantable
GA,13,04,01,121,1,Softwood,2.0-2.9,0.0,0.0,Pre-merchantable
GA,13,04,01,121,1,Softwood,3.0-3.9,0.0,0.0,Pre-merchantable
GA,13,04,01,121,1,Softwood,4.0-4.9,0.0,0.0,Pre-merchantable
GA,13,04,01,131,2,Softwood,1.0-1.9,6517346.056047031,1654369.7319173405,Pre-merchantable
GA,13,04,01,131,2,Softwood,2.0-2.9,19017397.610050038,5325840.170952118,Pre-merchantable
GA,13,04,01,131,2,Softwood,3.0-3.9,32422098.057014257,11455761.887686646,Pre-merchantable
GA,13,04,01,131,2,Softwood,4.0-4.9,67660609.09218255,30162309.152203657,Pre-merchantable
GA,13,05,01,110,2,Softwood,1.0-1.9,216441.522376656,54941.73552711922,Pre-merchantable
GA,13,05,01,110,2,Softwood,2.0-2.9,585072.9304822625,163850.22703907758,Pre-merchantable
GA,13,05,01,110,2,Softwood,3.0-3.9,4295695.919093538,1517806.4511589045,Pre-merchantable
GA,13,05,01,110,2,Softwood,4.0-4.9,5672016.506678016,2528518.7007072195,Pre-merchantable
GA,13,05,01,121,1,Softwood,1.0-1.9,0.0,0.0,Pre-merchantable
GA,13,05,01,121,1,Softwood,2.0-2.9,0.0,0.0,Pre-merchantable
GA,13,05,01,121,1,Softwood,3.0-3.9,6540911.73809555,2311112.848657445,Pre-merchantable
GA,13,05,01,121,1,Softwood,4.0-4.9,0.0,0.0,Pre-merchantable
GA,13,05,01,131,2,Softwood,1.0-1.9,4560645.669105226,1157678.921463296,Pre-merchantable
GA,13,05,01,131,2,Softwood,2.0-2.9,16239858.668782491,4547987.765848642,Pre-merchantable
GA,13,05,01,131,2,Softwood,3.0-3.9,32826244.03336014,11598559.558113268,Pre-merchantable
GA,13,05,01,131,2,Softwood,4.0-4.9,40719622.048045516,18152331.840535294,Pre-merchantable
LA,22,01,01,131,2,Softwood,1.0-1.9,1882733.061225385,580018.7644032172,Pre-merchantable
LA,22,01,01,131,2,Softwood,2.0-2.9,9244790.15779922,3142140.503309905,Pre-merchantable
LA,22,01,01,131,2,Softwood,3.0-3.9,29296009.57111757,12562695.485061571,Pre-merchantable
LA,22,01,01,131,2,Softwood,4.0-4.9,40799185.037322,22073523.989251524,Pre-merchantable
LA,22,02,01,131,2,Softwood,1.0-1.9,683067.1832642243,210434.3901962598,Pre-merchantable
LA,22,02,01,131,2,Softwood,2.0-2.9,2859062.75974947,971744.8147089585,Pre-merchantable
LA,22,02,01,131,2,Softwood,3.0-3.9,8439565.853350013,3619049.0580084655,Pre-merchantable
LA,22,02,01,131,2,Softwood,4.0-4.9,6355676.212085,3438602.295782084,Pre-merchantable
LA,22,02,02,131,2,Softwood,1.0-1.9,683067.1832642243,182002.91933147912,Pre-merchantable
LA,22,02,02,131,2,Softwood,2.0-2.9,2859062.75974947,840453.8486190895,Pre-merchantable
LA,22,02,02,131,2,Softwood,3.0-3.9,8439565.853350013,3130084.8361670845,Pre-merchantable
LA,22,02,02,131,2,Softwood,4.0-4.9,6355676.212085,2974017.9619338145,Pre-merchantable
LA,22,03,01,110,2,Softwood,1.0-1.9,0.0,0.0,Pre-merchantable
LA,22,03,01,110,2,Softwood,2.0-2.9,1173113.47447888,398720.50097632455,Pre-merchantable
LA,22,03,01,110,2,Softwood,3.0-3.9,2027931.40773225,869616.2075619036,Pre-merchantable
LA,22,03,01,110,2,Softwood,4.0-4.9,3389629.57050249,1833886.3771597089,Pre-merchantable
LA,22,03,01,111,1,Softwood,1.0-1.9,7849096.093491393,2418092.6715473426,Pre-merchantable
LA,22,03,01,111,1,Softwood,2.0-2.9,22853398.460344538,7767465.53624569,Pre-merchantable
LA,22,03,01,111,1,Softwood,3.0-3.9,34147573.036595486,14643139.727656895,Pre-merchantable
LA,22,03,01,111,1,Softwood,4.0-4.9,100498722.43494095,54372678.24167326,Pre-merchantable
LA,22,03,01,121,1,Softwood,1.0-1.9,330491.59011397604,101815.45525035809,Pre-merchantable
LA,22,03,01,121,1,Softwood,2.0-2.9,4152644.674037779,1411410.4055829071,Pre-merchantable
LA,22,03,01,121,1,Softwood,3.0-3.9,1878934.0770747901,805723.2705872353,Pre-merchantable
LA,22,03,01,121,1,Softwood,4.0-4.9,14710990.7755308,7959066.03262513,Pre-merchantable
LA,22,03,01,131,2,Softwood,1.0-1.9,16922315.40829443,5213304.358490499,Pre-merchantable
LA,22,03,01,131,2,Softwood,2.0-2.9,59723049.470730856,20298807.16814862,Pre-merchantable
LA,22,03,01,131,2,Softwood,3.0-3.9,117658375.7715228,50454187.02831893,Pre-merchantable
LA,22,03,01,131,2,Softwood,4.0-4.9,174572755.94083163,94448845.30425493,Pre-merchantable
LA,22,04,02,110,2,Softwood,1.0-1.9,0.0,0.0,Pre-merchantable
LA,22,04,02,110,2,Softwood,2.0-2.9,1040033.76839919,305729.69423780974,Pre-merchantable
LA,22,04,02,110,2,Softwood,3.0-3.9,0.0,0.0,Pre-merchantable
LA,22,04,02,110,2,Softwood,4.0-4.9,0.0,0.0,Pre-merchantable
LA,22,04,02,111,1,Softwood,1.0-1.9,5203837.2370737,1386559.9052017538,Pre-merchantable
LA,22,04,02,111,1,Softwood,2.0-2.9,9797432.85139995,2880066.2449493525,Pre-merchantable
LA,22,04,02,111,1,Softwood,3.0-3.9,14056431.03565931,5213280.208943573,Pre-merchantable
LA,22,04,02,111,1,Softwood,4.0-4.9,24488325.50034675,11458846.779707396,Pre-merchantable
LA,22,04,02,121,1,Softwood,1.0-1.9,0.0,0.0,Pre-merchantable
LA,22,04,02,121,1,Softwood,2.0-2.9,5018486.160268394,1475240.7911496146,Pre-merchantable
LA,22,04,02,121,1,Softwood,3.0-3.9,6933853.1351888,2571642.7754454957,Pre-merchantable
LA,22,04,02,121,1,Softwood,4.0-4.9,0.0,0.0,Pre-merchantable
LA,22,04,02,131,2,Softwood,1.0-1.9,5193675.821184748,1383852.4008718098,Pre-merchantable
LA,22,04,02,131,2,Softwood,2.0-2.9,15712025.620246617,4618727.713166791,Pre-merchantable
LA,22,04,02,131,2,Softwood,3.0-3.9,41613425.70795368,15433679.29734541,Pre-merchantable
LA,22,04,02,131,2,Softwood,4.0-4.9,53889890.38264166,25216750.60473915,Pre-merchantable
LA,22,05,01,110,2,Softwood,1.0-1.9,34039.7157552122,10486.709071823838,Pre-merchantable
LA,22,05,01,110,2,Softwood,2.0-2.9,733287.1555356451,249231.3219269396,Pre-merchantable
LA,22,05,01,110,2,Softwood,3.0-3.9,6353807.90768728,2724635.7126243436,Pre-merchantable
LA,22,05,01,110,2,Softwood,4.0-4.9,0.0,0.0,Pre-merchantable
LA,22,05,01,131,2,Softwood,1.0-1.9,12722293.968076231,3919392.1749774315,Pre-merchantable
LA,22,05,01,131,2,Softwood,2.0-2.9,40434549.28812153,13742987.442944044,Pre-merchantable
LA,22,05,01,131,2,Softwood,3.0-3.9,74872255.21176906,32106671.05436051,Pre-merchantable
LA,22,05,01,131,2,Softwood,4.0-4.9,134872810.7829703,72970041.47490418,Pre-merchantable
MS,28,01,01,131,2,Softwood,1.0-1.9,419323.7388370973,92746.20937138183,Pre-merchantable
MS,28,01,01,131,2,Softwood,2.0-2.9,1116420.6311403767,272426.7949309409,Pre-merchantable
MS,28,01,01,131,2,Softwood,3.0-3.9,3033745.4579412662,934000.1099712263,Pre-merchantable
MS,28,01,01,131,2,Softwood,4.0-4.9,4614677.601795167,1792482.705089595,Pre-merchantable
MS,28,02,01,110,2,Softwood,1.0-1.9,573071.2494907595,126752.15154140758,Pre-merchantable
MS,28,02,01,110,2,Softwood,2.0-2.9,1255631.8227538136,306396.8396362479,Pre-merchantable
MS,28,02,01,110,2,Softwood,3.0-3.9,4454686.280965575,1371465.5807454074,Pre-merchantable
MS,28,02,01,110,2,Softwood,4.0-4.9,6312776.796250046,2452076.6573091093,Pre-merchantable
MS,28,02,01,131,2,Softwood,1.0-1.9,3188112.098598044,705148.0391165743,Pre-merchantable
MS,28,02,01,131,2,Softwood,2.0-2.9,6382694.430807124,1557492.7032942974,Pre-merchantable
MS,28,02,01,131,2,Softwood,3.0-3.9,12552001.228384027,3864388.3246636633,Pre-merchantable
MS,28,02,01,131,2,Softwood,4.0-4.9,31230907.826924976,12131045.107513694,Pre-merchantable
MS,28,03,01,110,2,Softwood,1.0-1.9,100357.47036886375,22197.10952837052,Pre-merchantable
MS,28,03,01,110,2,Softwood,2.0-2.9,0.0,0.0,Pre-merchantable
MS,28,03,01,110,2,Softwood,3.0-3.9,1630815.0395923776,502079.5078027602,Pre-merchantable
MS,28,03,01,110,2,Softwood,4.0-4.9,6438035.05921866,2500730.81896787,Pre-merchantable
MS,28,03,01,121,1,Softwood,1.0-1.9,101882.516241565,22534.419846652934,Pre-merchantable
MS,28,03,01,121,1,Softwood,2.0-2.9,1900351.866182235,463720.17293897807,Pre-merchantable
MS,28,03,01,121,1,Softwood,3.0-3.9,1617392.53077378,497947.1160492453,Pre-merchantable
MS,28,03,01,121,1,Softwood,4.0-4.9,3152982.861719375,1224715.5135772235,Pre-merchantable
MS,28,03,01,131,2,Softwood,1.0-1.9,3496415.109885369,773338.635036521,Pre-merchantable
MS,28,03,01,131,2,Softwood,2.0-2.9,15196419.109073916,3708200.687838924,Pre-merchantable
MS,28,03,01,131,2,Softwood,3.0-3.9,38838736.12633556,11957293.15990727,Pre-merchantable
MS,28,03,01,131,2,Softwood,4.0-4.9,76877823.76960382,29861711.131961603,Pre-merchantable
MS,28,03,02,110,2,Softwood,1.0-1.9,100357.47036886375,27868.349050728924,Pre-merchantable
MS,28,03,02,110,2,Softwood,2.0-2.9,0.0,0.0,Pre-merchantable
MS,28,03,02,110,2,Softwood,3.0-3.9,1630815.0395923776,630358.0633677512,Pre-merchantable
MS,28,03,02,110,2,Softwood,4.0-4.9,6438035.05921866,3139653.802934936,Pre-merchantable
MS,28,03,02,121,1,Softwood,1.0-1.9,101882.516241565,28291.840301979093,Pre-merchantable
MS,28,03,02,121,1,Softwood,2.0-2.9,1900351.866182235,582198.129211849,Pre-merchantable
MS,28,03,02,121,1,Softwood,3.0-3.9,1617392.53077378,625169.8682266624,Pre-merchantable
MS,28,03,02,121,1,Softwood,4.0-4.9,3152982.861719375,1537623.5980900857,Pre-merchantable
MS,28,03,02,131,2,Softwood,1.0-1.9,3496415.109885369,970922.4071749728,Pre-merchantable
MS,28,03,02,131,2,Softwood,2.0-2.9,15196419.109073916,4655625.588852716,Pre-merchantable
MS,28,03,02,131,2,Softwood,3.0-3.9,38838736.12633556,15012315.86285061,Pre-merchantable
MS,28,03,02,131,2,Softwood,4.0-4.9,76877823.76960382,37491214.25084191,Pre-merchantable
MS,28,04,02,110,2,Softwood,1.0-1.9,0.0,0.0,Pre-merchantable
MS,28,04,02,110,2,Softwood,2.0-2.9,844696.7498903801,258784.11061078135,Pre-merchantable
MS,28,04,02,110,2,Softwood,3.0-3.9,2971199.8740180526,1148456.2951618736,Pre-merchantable
MS,28,04,02,110,2,Softwood,4.0-4.9,1029153.04486411,501889.8221877372,Pre-merchantable
MS,28,04,02,111,1,Softwood,1.0-1.9,1757064.248463473,487920.62614532356,Pre-merchantable
MS,28,04,02,111,1,Softwood,2.0-2.9,3887395.3355457745,1190955.3868086576,Pre-merchantable
MS,28,04,02,111,1,Softwood,3.0-3.9,9825068.254319116,3797678.367496898,Pre-merchantable
MS,28,04,02,111,1,Softwood,4.0-4.9,22974063.781876832,11203823.22527976,Pre-merchantable
MS,28,04,02,121,1,Softwood,1.0-1.9,569412.601168018,158120.65673744908,Pre-merchantable
MS,28,04,02,121,1,Softwood,2.0-2.9,1666490.6022258129,510551.6132200094,Pre-merchantable
MS,28,04,02,121,1,Softwood,3.0-3.9,6087862.725926627,2353138.317220216,Pre-merchantable
MS,28,04,02,121,1,Softwood,4.0-4.9,10931639.84307859,5331062.084927841,Pre-merchantable
MS,28,04,02,131,2,Softwood,1.0-1.9,3463060.5921494346,961660.163524677,Pre-merchantable
MS,28,04,02,131,2,Softwood,2.0-2.9,13529509.662254715,4144945.6570075927,Pre-merchantable
MS,28,04,02,131,2,Softwood,3.0-3.9,26445161.879749708,10221834.250518288,Pre-merchantable
MS,28,04,02,131,2,Softwood,4.0-4.9,46321660.93003408,22589808.467879713,Pre-merchantable
MS,28,05,01,110,2,Softwood,1.0-1.9,404198.04363568337,89400.70144013867,Pre-merchantable
MS,28,05,01,110,2,Softwood,2.0-2.9,884597.8753236966,215857.8561299028,Pre-merchantable
MS,28,05,01,110,2,Softwood,3.0-3.9,1085372.2158067802,334153.86458004947,Pre-merchantable
MS,28,05,01,110,2,Softwood,4.0-4.9,4832056.955971073,1876919.5317602772,Pre-merchantable
MS,28,05,01,121,1,Softwood,1.0-1.9,165494.156382531,36604.07044962777,Pre-merchantable
MS,28,05,01,121,1,Softwood,2.0-2.9,0.0,0.0,Pre-merchantable
MS,28,05,01,121,1,Softwood,3.0-3.9,0.0,0.0,Pre-merchantable
MS,28,05,01,121,1,Softwood,4.0-4.9,0.0,0.0,Pre-merchantable
MS,28,05,01,131,2,Softwood,1.0-1.9,5568219.817575767,1231581.3134237733,Pre-merchantable
MS,28,05,01,131,2,Softwood,2.0-2.9,15288282.8310703,3730617.0949312397,Pre-merchantable
MS,28,05,01,131,2,Softwood,3.0-3.9,32753211.346496057,10083740.848943165,Pre-merchantable
MS,28,05,01,131,2,Softwood,4.0-4.9,55414461.70536636,21524681.199847735,Pre-merchantable
MS,28,05,02,110,2,Softwood,1.0-1.9,404198.04363568337,112242.08944544883,Pre-merchantable
MS,28,05,02,110,2,Softwood,2.0-2.9,884597.8753236966,271008.35233891645,Pre-merchantable
MS,28,05,02,110,2,Softwood,3.0-3.9,1085372.2158067802,419528.3409700072,Pre-merchantable
MS,28,05,02,110,2,Softwood,4.0-4.9,4832056.955971073,2356462.159380348,Pre-merchantable
MS,28,05,02,121,1,Softwood,1.0-1.9,165494.156382531,45956.20932824146,Pre-merchantable
MS,28,05,02,121,1,Softwood,2.0-2.9,0.0,0.0,Pre-merchantable
MS,28,05,02,121,1,Softwood,3.0-3.9,0.0,0.0,Pre-merchantable
MS,28,05,02,121,1,Softwood,4.0-4.9,0.0,0.0,Pre-merchantable
MS,28,05,02,131,2,Softwood,1.0-1.9,5568219.817575767,1546243.5720732538,Pre-merchantable
MS,28,05,02,131,2,Softwood,2.0-2.9,15288282.8310703,4683769.264790045,Pre-merchantable
MS,28,05,02,131,2,Softwood,3.0-3.9,32753211.346496057,12660081.230678644,Pre-merchantable
MS,28,05,02,131,2,Softwood,4.0-4.9,55414461.70536636,27024118.978929717,Pre-merchantable
NC,37,01,02,111,1,Softwood,1.0-1.9,1291252.9614728119,377596.0204890565,Pre-merchantable
NC,37,01,02,111,1,Softwood,2.0-2.9,2928973.2281200318,944945.4287537709,Pre-merchantable
NC,37,01,02,111,1,Softwood,3.0-3.9,2130837.695426102,867336.2903324573,Pre-merchantable
NC,37,01,02,111,1,Softwood,4.0-4.9,19345486.9368388,9934880.17674148,Pre-merchantable
NC,37,01,02,121,1,Softwood,1.0-1.9,1366867.577140943,399707.7048909489,Pre-merchantable
NC,37,01,02,121,1,Softwood,2.0-2.9,5776310.389239974,1863553.4271778406,Pre-merchantable
NC,37,01,02,121,1,Softwood,3.0-3.9,9787331.485959543,3983835.9352792874,Pre-merchantable
NC,37,01,02,121,1,Softwood,4.0-4.9,14803792.919403883,7602491.955656326,Pre-merchantable
NC,37,01,02,131,2,Softwood,1.0-1.9,11839928.355632506,3462303.641002341,Pre-merchantable
NC,37,01,02,131,2,Softwood,2.0-2.9,29249947.89241972,9436619.046862558,Pre-merchantable
NC,37,01,02,131,2,Softwood,3.0-3.9,57906940.271833695,23570444.087639432,Pre-merchantable
NC,37,01,02,131,2,Softwood,4.0-4.9,112517214.10071771,57783246.47816084,Pre-merchantable
NC,37,02,02,110,2,Softwood,1.0-1.9,894575.266297373,261597.12361592005,Pre-merchantable
NC,37,02,02,110,2,Softwood,2.0-2.9,624483.73127861,201470.95969927308,Pre-merchantable
NC,37,02,02,110,2,Softwood,3.0-3.9,0.0,0.0,Pre-merchantable
NC,37,02,02,110,2,Softwood,4.0-4.9,0.0,0.0,Pre-merchantable
NC,37,02,02,121,1,Softwood,1.0-1.9,171467.7855175305,50141.6495336757,Pre-merchantable
NC,37,02,02,121,1,Softwood,2.0-2.9,0.0,0.0,Pre-merchantable
NC,37,02,02,121,1,Softwood,3.0-3.9,1375526.94356103,559894.5612054206,Pre-merchantable
NC,37,02,02,121,1,Softwood,4.0-4.9,2405021.7742546876,1235099.5985619226,Pre-merchantable
NC,37,02,02,131,2,Softwood,1.0-1.9,8406429.217238093,2458259.0039766375,Pre-merchantable
NC,37,02,02,131,2,Softwood,2.0-2.9,24821755.087498892,8007995.354273863,Pre-merchantable
NC,37,02,02,131,2,Softwood,3.0-3.9,46767072.90748964,19036071.875562686,Pre-merchantable
NC,37,02,02,131,2,Softwood,4.0-4.9,86240245.40891169,44288701.92555218,Pre-merchantable
NC,37,03,01,110,2,Softwood,1.0-1.9,451921.8717442856,91306.2161889766,Pre-merchantable
NC,37,03,01,110,2,Softwood,2.0-2.9,1834494.8701505726,408910.94499462756,Pre-merchantable
NC,37,03,01,110,2,Softwood,3.0-3.9,3548233.3245882937,997861.4032010047,Pre-merchantable
NC,37,03,01,110,2,Softwood,4.0-4.9,8101488.184960642,2874542.128779289,Pre-merchantable
NC,37,03,01,121,1,Softwood,1.0-1.9,0.0,0.0,Pre-merchantable
NC,37,03,01,121,1,Softwood,2.0-2.9,0.0,0.0,Pre-merchantable
NC,37,03,01,121,1,Softwood,3.0-3.9,5513209.57798442,1550467.1035879774,Pre-merchantable
NC,37,03,01,121,1,Softwood,4.0-4.9,0.0,0.0,Pre-merchantable
NC,37,03,01,131,2,Softwood,1.0-1.9,4775764.045233157,964894.5351959803,Pre-merchantable
NC,37,03,01,131,2,Softwood,2.0-2.9,13459413.421651416,3000118.2074001213,Pre-merchantable
NC,37,03,01,131,2,Softwood,3.0-3.9,26107198.577969406,7342066.719832354,Pre-merchantable
NC,37,03,01,131,2,Softwood,4.0-4.9,42869531.42857196,15210819.459222179,Pre-merchantable
NC,37,03,02,110,2,Softwood,1.0-1.9,451921.8717442856,132153.73395772927,Pre-merchantable
NC,37,03,02,110,2,Softwood,2.0-2.9,1834494.8701505726,591844.7888080137,Pre-merchantable
NC,37,03,02,110,2,Softwood,3.0-3.9,3548233.3245882937,1444273.0835804015,Pre-merchantable
NC,37,03,02,110,2,Softwood,4.0-4.9,8101488.184960642,4160521.5021805507,Pre-merchantable
NC,37,03,02,121,1,Softwood,1.0-1.9,0.0,0.0,Pre-merchantable
NC,37,03,02,121,1,Softwood,2.0-2.9,0.0,0.0,Pre-merchantable
NC,37,03,02,121,1,Softwood,3.0-3.9,5513209.57798442,2244097.1236141776,Pre-merchantable
NC,37,03,02,121,1,Softwood,4.0-4.9,0.0,0.0,Pre-merchantable
NC,37,03,02,131,2,Softwood,1.0-1.9,4775764.045233157,1396557.8798889192,Pre-merchantable
NC,37,03,02,131,2,Softwood,2.0-2.9,13459413.421651416,4342276.352815965,Pre-merchantable
NC,37,03,02,131,2,Softwood,3.0-3.9,26107198.577969406,10626675.51554683,Pre-merchantable
NC,37,03,02,131,2,Softwood,4.0-4.9,42869531.42857196,22015659.743611053,Pre-merchantable
NC,37,04,01,110,2,Softwood,1.0-1.9,253473.2876334142,51211.698848429995,Pre-merchantable
NC,37,04,01,110,2,Softwood,2.0-2.9,1596467.712925914,355854.42716030346,Pre-merchantable
NC,37,04,01,110,2,Softwood,3.0-3.9,1202996.1475564379,338315.8079057151,Pre-merchantable
NC,37,04,01,110,2,Softwood,4.0-4.9,1629311.1560838681,578106.5715491036,Pre-merchantable
NC,37,04,01,131,2,Softwood,1.0-1.9,682129.8896250919,137817.40399215126,Pre-merchantable
NC,37,04,01,131,2,Softwood,2.0-2.9,0.0,0.0,Pre-merchantable
NC,37,04,01,131,2,Softwood,3.0-3.9,0.0,0.0,Pre-merchantable
NC,37,04,01,131,2,Softwood,4.0-4.9,0.0,0.0,Pre-merchantable
SC,45,01,02,110,2,Softwood,1.0-1.9,0.0,0.0,Pre-merchantable
SC,45,01,02,110,2,Softwood,2.0-2.9,0.0,0.0,Pre-merchantable
SC,45,01,02,110,2,Softwood,3.0-3.9,0.0,0.0,Pre-merchantable
SC,45,01,02,110,2,Softwood,4.0-4.9,15728026.9110023,8836592.836128103,Pre-merchantable
SC,45,01,02,111,1,Softwood,1.0-1.9,0.0,0.0,Pre-merchantable
SC,45,01,02,111,1,Softwood,2.0-2.9,2617838.505444324,923978.3829357855,Pre-merchantable
SC,45,01,02,111,1,Softwood,3.0-3.9,6631468.746284907,2953075.2059136303,Pre-merchantable
SC,45,01,02,111,1,Softwood,4.0-4.9,16512325.67757152,9277241.17054833,Pre-merchantable
SC,45,01,02,121,1,Softwood,1.0-1.9,3278244.677907138,1048781.639668477,Pre-merchantable
SC,45,01,02,121,1,Softwood,2.0-2.9,11634111.12247491,4106314.105886784,Pre-merchantable
SC,45,01,02,121,1,Softwood,3.0-3.9,18443025.02566468,8212907.578859765,Pre-merchantable
SC,45,01,02,121,1,Softwood,4.0-4.9,35766155.63335146,20094761.8181164,Pre-merchantable
SC,45,01,02,131,2,Softwood,1.0-1.9,18933973.121719163,6057389.038060688,Pre-merchantable
SC,45,01,02,131,2,Softwood,2.0-2.9,56917083.39302855,20089151.628543902,Pre-merchantable
SC,45,01,02,131,2,Softwood,3.0-3.9,108131169.86096822,48152149.83584899,Pre-merchantable
SC,45,01,02,131,2,Softwood,4.0-4.9,157803873.24293977,88660108.71563067,Pre-merchantable
SC,45,02,02,110,2,Softwood,1.0-1.9,806949.087438335,258160.53107812942,Pre-merchantable
SC,45,02,02,110,2,Softwood,2.0-2.9,0.0,0.0,Pre-merchantable
SC,45,02,02,110,2,Softwood,3.0-3.9,0.0,0.0,Pre-merchantable
SC,45,02,02,110,2,Softwood,4.0-4.9,10938143.87469705,6145457.682048615,Pre-merchantable
SC,45,02,02,111,1,Softwood,1.0-1.9,1813896.0412008401,580304.7213343679,Pre-merchantable
SC,45,02,02,111,1,Softwood,2.0-2.9,3739067.9942038395,1319721.5916056025,Pre-merchantable
SC,45,02,02,111,1,Softwood,3.0-3.9,13871300.727951467,6177062.099015929,Pre-merchantable
SC,45,02,02,111,1,Softwood,4.0-4.9,43988129.85144893,24714173.95961305,Pre-merchantable
SC,45,02,02,121,1,Softwood,1.0-1.9,2179960.2483453355,697416.6080645687,Pre-merchantable
SC,45,02,02,121,1,Softwood,2.0-2.9,12068736.598532515,4259717.206847834,Pre-merchantable
SC,45,02,02,121,1,Softwood,3.0-3.9,25250761.02836603,11244476.778254015,Pre-merchantable
SC,45,02,02,121,1,Softwood,4.0-4.9,59158576.3557171,33237497.30201556,Pre-merchantable
SC,45,02,02,131,2,Softwood,1.0-1.9,20894867.524897583,6684721.726569812,Pre-merchantable
SC,45,02,02,131,2,Softwood,2.0-2.9,49807657.67228826,17579846.464229822,Pre-merchantable
SC,45,02,02,131,2,Softwood,3.0-3.9,79317413.19780017,35321026.95090755,Pre-merchantable
SC,45,02,02,131,2,Softwood,4.0-4.9,161513007.34969318,90744038.76365516,Pre-merchantable
SC,45,03,01,110,2,Softwood,1.0-1.9,544156.9150661215,142097.15191345866,Pre-merchantable
SC,45,03,01,110,2,Softwood,2.0-2.9,2463883.2273738566,709833.6612608654,Pre-merchantable
SC,45,03,01,110,2,Softwood,3.0-3.9,1925937.2561827009,700042.5278670889,Pre-merchantable
SC,45,03,01,110,2,Softwood,4.0-4.9,5817200.0209202,2667731.44383644,Pre-merchantable
SC,45,03,01,131,2,Softwood,1.0-1.9,12591498.620491147,3288051.741613216,Pre-merchantable
SC,45,03,01,131,2,Softwood,2.0-2.9,36355169.88668046,10473760.712243149,Pre-merchantable
SC,45,03,01,131,2,Softwood,3.0-3.9,81163845.96799794,29501555.006765164,Pre-merchantable
SC,45,03,01,131,2,Softwood,4.0-4.9,98391985.06154603,45121947.22997514,Pre-merchantable
SC,45,03,02,110,2,Softwood,1.0-1.9,544156.9150661215,174087.6101976404,Pre-merchantable
SC,45,03,02,110,2,Softwood,2.0-2.9,2463883.2273738566,869639.1452096466,Pre-merchantable
SC,45,03,02,110,2,Softwood,3.0-3.9,1925937.2561827009,857643.725240308,Pre-merchantable
SC,45,03,02,110,2,Softwood,4.0-4.9,5817200.0209202,3268320.1982079926,Pre-merchantable
SC,45,03,02,131,2,Softwood,1.0-1.9,12591498.620491147,4028293.756740798,Pre-merchantable
SC,45,03,02,131,2,Softwood,2.0-2.9,36355169.88668046,12831727.783585846,Pre-merchantable
SC,45,03,02,131,2,Softwood,3.0-3.9,81163845.96799794,36143266.34336674,Pre-merchantable
SC,45,03,02,131,2,Softwood,4.0-4.9,98391985.06154603,55280291.370754875,Pre-merchantable
TN,47,01,02,110,2,Softwood,1.0-1.9,229808.787981105,53238.01081379244,Pre-merchantable
TN,47,01,02,110,2,Softwood,2.0-2.9,6340885.709580985,1620616.8928388748,Pre-merchantable
TN,47,01,02,110,2,Softwood,3.0-3.9,5617545.827547516,1811435.5263852854,Pre-merchantable
TN,47,01,02,110,2,Softwood,4.0-4.9,0.0,0.0,Pre-merchantable
TN,47,01,02,131,2,Softwood,1.0-1.9,2576714.1309050526,596927.2801545515,Pre-merchantable
TN,47,01,02,131,2,Softwood,2.0-2.9,7684821.787689924,1964102.899500064,Pre-merchantable
TN,47,01,02,131,2,Softwood,3.0-3.9,10448362.749196582,3369182.2118553473,Pre-merchantable
TN,47,01,02,131,2,Softwood,4.0-4.9,17895472.594040714,7280567.785227438,Pre-merchantable
TN,47,02,02,110,2,Softwood,1.0-1.9,1928503.64884785,446761.4098388682,Pre-merchantable
TN,47,02,02,110,2,Softwood,2.0-2.9,5027538.79075271,1284948.9277792054,Pre-merchantable
TN,47,02,02,110,2,Softwood,3.0-3.9,0.0,0.0,Pre-merchantable
TN,47,02,02,110,2,Softwood,4.0-4.9,14025373.4806343,5706062.346344147,Pre-merchantable
TN,47,02,02,131,2,Softwood,1.0-1.9,3778072.7277696375,875236.6630680454,Pre-merchantable
TN,47,02,02,131,2,Softwood,2.0-2.9,13428886.38343502,3432182.998051053,Pre-merchantable
TN,47,02,02,131,2,Softwood,3.0-3.9,32161287.59045317,10370738.522497317,Pre-merchantable
TN,47,02,02,131,2,Softwood,4.0-4.9,73426302.14049938,29872648.914034046,Pre-merchantable
TN,47,03,01,131,2,Softwood,1.0-1.9,0.0,0.0,Pre-merchantable
TN,47,03,01,131,2,Softwood,2.0-2.9,0.0,0.0,Pre-merchantable
TN,47,03,01,131,2,Softwood,3.0-3.9,0.0,0.0,Pre-merchantable
TN,47,03,01,131,2,Softwood,4.0-4.9,11458603.8929024,4377508.1041096,Pre-merchantable
TN,47,03,02,131,2,Softwood,1.0-1.9,0.0,0.0,Pre-merchantable
TN,47,03,02,131,2,Softwood,2.0-2.9,0.0,0.0,Pre-merchantable
TN,47,03,02,131,2,Softwood,3.0-3.9,0.0,0.0,Pre-merchantable
TN,47,03,02,131,2,Softwood,4.0-4.9,11458603.8929024,4661801.577351355,Pre-merchantable
TN,47,04,01,110,2,Softwood,1.0-1.9,1670695.03641982,363433.99201612605,Pre-merchantable
TN,47,04,01,110,2,Softwood,2.0-2.9,3536542.77218449,848755.3512110435,Pre-merchantable
TN,47,04,01,110,2,Softwood,3.0-3.9,11143067.63592415,3374070.850044536,Pre-merchantable
TN,47,04,01,110,2,Softwood,4.0-4.9,0.0,0.0,Pre-merchantable
TN,47,04,01,131,2,Softwood,1.0-1.9,433596.26975234423,94322.19513687305,Pre-merchantable
TN,47,04,01,131,2,Softwood,2.0-2.9,1700316.3035324842,408068.74236760737,Pre-merchantable
TN,47,04,01,131,2,Softwood,3.0-3.9,6465176.082266366,1957626.2903811173,Pre-merchantable
TN,47,04,01,131,2,Softwood,4.0-4.9,9964557.67620822,3806740.5409211963,Pre-merchantable
TN,47,05,01,110,2,Softwood,1.0-1.9,317033.0771221445,68965.66656866764,Pre-merchantable
TN,47,05,01,110,2,Softwood,2.0-2.9,741664.78360515,177996.42035739333,Pre-merchantable
TN,47,05,01,110,2,Softwood,3.0-3.9,1221476.000822845,369857.44886969205,Pre-merchantable
TN,47,05,01,110,2,Softwood,4.0-4.9,2280310.07107897,871142.4104828296,Pre-merchantable
TN,47,05,01,131,2,Softwood,1.0-1.9,772234.3811595442,167987.70439777087,Pre-merchantable
TN,47,05,01,131,2,Softwood,2.0-2.9,4522203.710768532,1085309.8197962358,Pre-merchantable
TN,47,05,01,131,2,Softwood,3.0-3.9,4348312.037043055,1316649.3617776525,Pre-merchantable
TN,47,05,01,131,2,Softwood,4.0-4.9,7354764.106255529,2809726.191764976,Pre-merchantable
VA,51,01,02,110,2,Softwood,1.0-1.9,0.0,0.0,Pre-merchantable
VA,51,01,02,110,2,Softwood,2.0-2.9,2086838.13705997,759292.6236389113,Pre-merchantable
VA,51,01,02,110,2,Softwood,3.0-3.9,0.0,0.0,Pre-merchantable
VA,51,01,02,110,2,Softwood,4.0-4.9,0.0,0.0,Pre-merchantable
VA,51,01,02,121,1,Softwood,1.0-1.9,2995146.02421339,987786.686265715,Pre-merchantable
VA,51,01,02,121,1,Softwood,2.0-2.9,2689313.1545172,978502.1677612368,Pre-merchantable
VA,51,01,02,121,1,Softwood,3.0-3.9,17963172.1935957,8246112.77060045,Pre-merchantable
VA,51,01,02,121,1,Softwood,4.0-4.9,11710710.2706187,6782585.762543987,Pre-merchantable
VA,51,01,02,131,2,Softwood,1.0-1.9,9202340.441564206,3034893.5568338316,Pre-merchantable
VA,51,01,02,131,2,Softwood,2.0-2.9,29164518.314915895,10611462.01769898,Pre-merchantable
VA,51,01,02,131,2,Softwood,3.0-3.9,70586181.05528247,32403052.353715077,Pre-merchantable
VA,51,01,02,131,2,Softwood,4.0-4.9,98112270.34867117,56824468.59498697,Pre-merchantable
VA,51,02,01,110,2,Softwood,1.0-1.9,172818.9695936414,51954.42584817736,Pre-merchantable
VA,51,02,01,110,2,Softwood,2.0-2.9,766926.9851415128,254366.78791723898,Pre-merchantable
VA,51,02,01,110,2,Softwood,3.0-3.9,0.0,0.0,Pre-merchantable
VA,51,02,01,110,2,Softwood,4.0-4.9,17993181.251411688,9499614.52831832,Pre-merchantable
VA,51,02,01,131,2,Softwood,1.0-1.9,5699191.312501484,1713343.2350404975,Pre-merchantable
VA,51,02,01,131,2,Softwood,2.0-2.9,20581468.76458236,6826258.824756044,Pre-merchantable
VA,51,02,01,131,2,Softwood,3.0-3.9,39173932.14876411,16392657.847115543,Pre-merchantable
VA,51,02,01,131,2,Softwood,4.0-4.9,71241910.72804187,37612620.06540205,Pre-merchantable
VA,51,02,02,110,2,Softwood,1.0-1.9,172818.9695936414,56994.97651156799,Pre-merchantable
VA,51,02,02,110,2,Softwood,2.0-2.9,766926.9851415128,279045.12206585443,Pre-merchantable
VA,51,02,02,110,2,Softwood,3.0-3.9,0.0,0.0,Pre-merchantable
VA,51,02,02,110,2,Softwood,4.0-4.9,17993181.251411688,10421254.745315347,Pre-merchantable
VA,51,02,02,131,2,Softwood,1.0-1.9,5699191.312501484,1879569.5620378577,Pre-merchantable
VA,51,02,02,131,2,Softwood,2.0-2.9,20581468.76458236,7488533.556617168,Pre-merchantable
VA,51,02,02,131,2,Softwood,3.0-3.9,39173932.14876411,17983052.140519377,Pre-merchantable
VA,51,02,02,131,2,Softwood,4.0-4.9,71241910.72804187,41261747.42899842,Pre-merchantable
VA,51,03,01,131,2,Softwood,1.0-1.9,3158428.4214871884,949515.7597963688,Pre-merchantable
VA,51,03,01,131,2,Softwood,2.0-2.9,2819694.2193371854,935208.4036386627,Pre-merchantable
VA,51,03,01,131,2,Softwood,3.0-3.9,9217586.732476316,3857175.8614322064,Pre-merchantable
VA,51,03,01,131,2,Softwood,4.0-4.9,24077318.66357484,12711773.587091517,Pre-merchantable
VA,51,03,02,131,2,Softwood,1.0-1.9,3158428.4214871884,1041636.5409388159,Pre-merchantable
VA,51,03,02,131,2,Softwood,2.0-2.9,2819694.2193371854,1025941.1037390283,Pre-merchantable
VA,51,03,02,131,2,Softwood,3.0-3.9,9217586.732476316,4231394.034951652,Pre-merchantable
VA,51,03,02,131,2,Softwood,4.0-4.9,24077318.66357484,13945053.288315153,Pre-merchantable
VA,51,04,01,131,2,Softwood,1.0-1.9,520237.35765606276,156398.53243742586,Pre-merchantable
VA,51,04,01,131,2,Softwood,2.0-2.9,1713089.252046322,568180.5685559018,Pre-merchantable
VA,51,04,01,131,2,Softwood,3.0-3.9,0.0,0.0,Pre-merchantable
VA,51,04,01,131,2,Softwood,4.0-4.9,9286773.70457328,4903011.267018018,Pre-merchantable
VA,51,05,01,131,2,Softwood,1.0-1.9,0.0,0.0,Pre-merchantable
VA,51,05,01,131,2,Softwood,2.0-2.9,0.0,0.0,Pre-merchantable
VA,51,05,01,131,2,Softwood,3.0-3.9,0.0,0.0,Pre-merchantable
VA,51,05,01,131,2,Softwood,4.0-4.9,6267142.13277687,3308777.5654398,Pre-merchantable
